anime_title;favorite_count
はたらく細胞;109097
転生したらスライムだった件;101169
Re：ゼロから始める異世界生活;94928
ソードアート・オンライン アリシゼーション;83388
魔法使いの嫁;79860
ソードアート・オンライン;78897
魔法科高校の劣等生;77616
ゴブリンスレイヤー;74045
この素晴らしい世界に祝福を！;71734
とある魔術の禁書目録III;70161
ソードアート・オンラインII;68576
ソードアート・オンライン オルタナティブ ガンゲイル・オンライン;67731
衛宮さんちの今日のごはん;66142
この素晴らしい世界に祝福を！２;64787
進撃の巨人 Season 3;64579
異世界食堂;62660
青春ブタ野郎はバニーガール先輩の夢を見ない;62579
氷菓;62552
シュタインズ・ゲート ゼロ;62361
ノーゲーム・ノーライフ;62262
オーバーロード;60253
ダーリン・イン・ザ・フランキス;59638
エロマンガ先生;59231
オーバーロード3;58550
ブラッククローバー;57630
"STEINS;GATE";57047
夏目友人帳;56851
オーバーロード2;56672
異世界魔王と召喚少女の奴隷魔術;56668
文豪ストレイドッグス;55864
ゆるキャン△;55559
ダンジョンに出会いを求めるのは間違っているだろうか;54847
GATE(ゲート) 自衛隊 彼の地にて、斯く戦えり;53973
進撃の巨人 Season 2;53773
PSYCHO-PASS　サイコパス;52933
TVアニメ「Fate/stay night [Unlimited Blade Works]」;52391
「鬼灯の冷徹」第弐期;52207
僕のヒーローアカデミア;52204
四月は君の嘘;51759
月刊少女野崎くん;51588
とある魔術の禁書目録;51377
コードギアス　反逆のルルーシュ;51321
幼女戦記;50928
デスマーチからはじまる異世界狂想曲;50220
けものフレンズ;49719
カードキャプターさくら クリアカード編;49552
化物語;49068
血界戦線;48989
SSSS.GRIDMAN;48392
ソードアート・オンライン Extra Edition;48290
鋼の錬金術師 FULLMETAL ALCHEMIST;47913
僕のヒーローアカデミア（第2期）;47323
ポプテピピック;46314
七つの大罪 戒めの復活;46302
異世界はスマートフォンとともに。;46093
ロクでなし魔術講師と禁忌教典;46077
とある科学の超電磁砲;45908
Fate/stay night;45650
僕だけがいない街;45620
マクロスΔ(デルタ);45357
七つの大罪;44717
TVアニメ「ペルソナ５」;44566
機動戦士ガンダム 鉄血のオルフェンズ;43945
「鬼灯の冷徹」第壱期;43500
宝石の国;43471
ソード・オラトリア　ダンジョンに出会いを求めるのは間違っているだろうか外伝;42572
僕のヒーローアカデミア（第3期）;42444
ジョジョの奇妙な冒険 黄金の風;42370
ギルティクラウン;42288
夏目友人帳 伍;41826
あの日見た花の名前を僕達はまだ知らない。;41299
銀魂 (1年目);40525
冴えない彼女の育てかた;40368
とらドラ!;40337
日常;40172
あそびあそばせ;40120
ユーリ!!! on ICE;40089
SHIROBAKO;39925
コードギアス　反逆のルルーシュR2;39828
カードキャプターさくら　クロウカード編;39765
劇場版 魔法科高校の劣等生 星を呼ぶ少女;39697
ようこそ実力至上主義の教室へ;39686
とある魔術の禁書目録II;39375
ゾンビランドサガ;39352
東京喰種トーキョーグール：re;38972
坂本ですが？;38840
ブレンド・S;38764
終末なにしてますか？忙しいですか？救ってもらっていいですか？;38634
ご注文はうさぎですか？;38608
はたらく魔王さま！;38592
東京喰種トーキョーグール;38481
ハイキュー!!;38342
夏目友人帳 陸;38250
偽物語;38109
かくりよの宿飯;38014
マクロスＦ;37977
アホガール;37942
魔法少女まどか☆マギカ;37881
Fate/Zero;37879
とある科学の超電磁砲S;37847
ラーメン大好き小泉さん;37771
ハイキュー!!セカンドシーズン;37752
ヒナまつり;37711
政宗くんのリベンジ ;37657
進撃の巨人;37607
小林さんちのメイドラゴン;37561
ログ・ホライズン;37063
宇宙よりも遠い場所;36995
続 夏目友人帳;36645
刀剣乱舞-花丸-;36541
おそ松さん;36099
けいおん！;35986
りゅうおうのおしごと！;35722
NEW GAME!;35643
「東京喰種トーキョーグール:re」（第2期）;35562
魔法少女 俺;35509
ゲーマーズ！;35144
多田くんは恋をしない;35070
ネトゲの嫁は女の子じゃないと思った？;35019
俺が好きなのは妹だけど妹じゃない;34923
NEW GAME!!;34587
グランクレスト戦記;34575
BORUTO-ボルト- NARUTO NEXT GENERATIONS;34558
百錬の覇王と聖約の戦乙女;34482
キノの旅 -the Beautiful World- the Animated Series;34119
Angel Beats!;34069
東京喰種トーキョーグール√A;33997
PSYCHO-PASS サイコパス 2;33923
ゼロから始める魔法の書;33907
夏目友人帳 肆;33871
機動戦士ガンダム 鉄血のオルフェンズ(第26話～);33827
夏目友人帳 参;33786
劇場版「とある魔術の禁書目録－エンデュミオンの奇蹟－」;33603
"劇場版 STEINS;GATE 負荷領域のデジャヴ";33416
BLEACH;33193
やがて君になる;33127
ワールドトリガー;33068
干物妹！うまるちゃんR;33044
機動戦士ガンダムユニコーン RE：0096;33001
ストライク・ザ・ブラッド;32912
うちのメイドがウザすぎる！;32861
ご注文はうさぎですか？？;32647
ふらいんぐうぃっち;32457
終わりのセラフ;32395
CLANNAD;32346
赤髪の白雪姫;31829
涼宮ハルヒの憂鬱(2009年放送版);31763
けいおん！！;31651
がっこうぐらし！;31631
ハイキュー!! 烏野高校 VS 白鳥沢学園高校;31603
異世界魔王と召喚少女の奴隷魔術～マジ魔王Ver～;31564
落第騎士の英雄譚（キャバルリィ）;31191
ネト充のススメ;31044
アクセル・ワールド;31025
おとなの防具屋さん;30870
中二病でも恋がしたい！;30844
3D彼女 リアルガール;30817
響け！ユーフォニアム;30811
ばらかもん【日テレオンデマンド】;30640
終物語;30359
すのはら荘の管理人さん;30328
カードキャプターさくら　さくらカード編;30311
劇場版 あの日見た花の名前を僕達はまだ知らない。;30251
トリニティセブン;30205
猫物語(黒);30027
甘城ブリリアントパーク;29974
ジョーカー・ゲーム;29947
十二大戦;29893
D.Gray-man;29878
食戟のソーマ 餐ノ皿;29737
食戟のソーマ;29660
凪のあすから;29605
おそ松さん 第2期;29585
デュラララ!!;29570
ガヴリールドロップアウト;29467
銀魂 (4年目);29462
活撃 刀剣乱舞;29406
甘々と稲妻;29224
<物語>シリーズ セカンドシーズン（第1話～第5話） 猫物語(白);29167
言の葉の庭;29061
バカとテストと召喚獣;28897
男子高校生の日常;28798
櫻子さんの足下には死体が埋まっている;28596
PSYCHO-PASS サイコパス　新編集版;28595
ノラガミ;28560
銀魂 (2年目);28530
艦隊これくしょん -艦これ-;28450
アルドノア・ゼロ;28396
アニメ 続『刀剣乱舞-花丸-』;28265
TIGER ＆ BUNNY;28247
アニメ「ISLAND」;28179
ジョジョの奇妙な冒険 ダイヤモンドは砕けない;28145
生徒会役員共;28113
刀使ノ巫女;28094
抱かれたい男1位に脅されています。;28090
るろうに剣心 ‐明治剣客浪漫譚‐;28088
少女終末旅行;28019
憑物語;27958
銀魂 (3年目);27914
アルスラーン戦記;27907
学戦都市アスタリスク;27905
キルラキル;27864
ログ・ホライズン　第２シリーズ;27839
Charlotte;27770
不機嫌なモノノケ庵;27761
アクセル・ワールド－インフィニット・バースト－;27737
僕の彼女がマジメ過ぎるしょびっちな件;27677
銀魂’;27624
ラブライブ！サンシャイン!!;27621
ジョジョの奇妙な冒険;27583
暗殺教室(第2期);27487
のんのんびより;27459
結城友奈は勇者である;27278
心が叫びたがってるんだ。;27262
はじめてのギャル;27070
デビルズライン;27004
「幽☆遊☆白書」　霊界探偵編/暗黒武術会編;26948
俺の妹がこんなに可愛いわけがない;26874
響け！ユーフォニアム2;26874
フルメタル･パニック！ Invisible Victory;26786
<物語>シリーズ セカンドシーズン（第7話～第10話） 傾物語;26768
ブラック・ブレット;26762
はんだくん;26706
はねバド！;26618
ちはやふる;26597
干物妹！うまるちゃん;26573
となりの吸血鬼さん;26536
まおゆう魔王勇者;26437
ひぐらしのなく頃に;26340
さくら荘のペットな彼女;26296
終末のイゼッタ;26280
コードギアス 亡国のアキト;26195
赤髪の白雪姫 2ndシーズン;26055
七つの大罪 聖戦の予兆;26029
暗殺教室;25965
刀語;25857
Fate/kaleid liner プリズマ☆イリヤ;25835
狼と香辛料;25743
恋と嘘;25636
CLANNAD　AFTER　STORY;25625
K;25563
<物語>シリーズ セカンドシーズン（第12話～第15話） 囮物語;25505
Just Because！;25466
ラブライブ！;25437
はるかなレシーブ;25416
<物語>シリーズ セカンドシーズン（第17話～第20話） 鬼物語;25395
弱虫ペダル;25349
冴えない彼女の育てかた♭;25340
3月のライオン;25306
問題児たちが異世界から来るそうですよ?;25258
妖怪アパートの幽雅な日常;25241
カウボーイビバップ;25157
<物語>シリーズ セカンドシーズン（第21話～第26話） 恋物語;25136
ジョジョの奇妙な冒険 スターダストクルセイダース;25126
僕は友達が少ない;24931
図書館戦争;24853
<物語>シリーズ セカンドシーズン（第27話～第31話） 花物語;24816
この美術部には問題がある！;24724
東京レイヴンズ;24601
アカメが斬る！;24569
サクラダリセット;24562
花咲くいろは;24537
生徒会役員共＊;24527
人外さんの嫁 dアニメストアスペシャルVer.;24444
月曜日のたわわ;24411
らき☆すた;24411
ガイコツ書店員 本田さん;24393
秒速5センチメートル;24344
とある科学の超電磁砲 OVA;24302
異世界居酒屋～古都アイテーリアの居酒屋のぶ～;24294
食戟のソーマ 餐ノ皿「遠月列車篇」;24224
ニセコイ;24219
夏目友人帳　いつかゆきのひに;24142
RELEASE THE SPYCE;24119
アルスラーン戦記　風塵乱舞;24096
銀魂゜;24064
デジモンアドベンチャー;23981
黒執事 Book of Circus;23962
王室教師ハイネ;23928
クオリディア・コード;23918
蟲師;23897
となりの怪物くん;23893
ノラガミ ARAGOTO;23837
新世界より;23795
"CHAOS;CHILD";23774
ユリシーズ ジャンヌ・ダルクと錬金の騎士;23641
学園ベビーシッターズ;23594
最弱無敗の神装機竜《バハムート》;23563
機動戦士ガンダム THE ORIGIN　シャア・セイラ編;23532
桜蘭高校ホスト部;23399
中二病でも恋がしたい！戀;23363
IS<インフィニット・ストラトス>;23360
対魔導学園35試験小隊;23350
ラブライブ！サンシャイン!!TVアニメ2期;23264
食戟のソーマ 弐ノ皿;23260
citrus;23254
ジョジョの奇妙な冒険 スターダストクルセイダース エジプト編;23215
徒然チルドレン;23143
電脳コイル　デンノウコイル;22986
こみっくがーるず;22972
双星の陰陽師;22952
甲鉄城のカバネリ;22897
デート・ア・ライブ;22861
ハイスクールD×D　HERO;22826
機巧少女は傷つかない;22785
俺の彼女と幼なじみが修羅場すぎる;22772
未確認で進行形;22713
這いよれ！ニャル子さん;22700
フルメタル・パニック!;22677
TVアニメ「Free!」;22662
「終物語」まよいヘル／ひたぎランデブー／おうぎダーク;22635
GOSICK-ゴシック-;22552
屍者の帝国;22501
ストライク・ザ・ブラッドII OVA;22470
Another;22458
曇天に笑う;22457
されど罪人は竜と踊る;22447
暦物語;22431
蛍火の杜へ;22423
暁のヨナ;22417
BanG Dream!;22399
魔法陣グルグル;22342
アウトブレイク・カンパニー;22333
スラムダンク;22264
弱虫ペダル GLORY LINE;22160
夏目友人帳 伍　特別編１　一夜盃（ひとよさかずき）;22142
フレームアームズ・ガール;22121
「鬼灯の冷徹」OAD;22106
学戦都市アスタリスク 2nd SEASON;22077
このはな綺譚;21958
監獄学園(プリズンスクール);21905
京都寺町三条のホームズ;21880
喰霊-零-;21852
ルパン三世 PART5;21836
だがしかし２;21774
六花の勇者;21722
魔弾の王と戦姫;21717
Fate/kaleid liner プリズマ☆イリヤ ドライ!!;21712
武装少女マキャヴェリズム;21636
銀の匙 Silver Spoon（第1期）;21630
ダンジョンに出会いを求めるのは間違っているだろうか OVA;21588
機動戦士ガンダム00　ファーストシーズン;21576
銀魂’  延長戦;21526
境界線上のホライゾン;21492
BLACK LAGOON;21488
FAIRY TAIL　第1話～第48話;21451
うどんの国の金色毛鞠;21434
戦姫絶唱シンフォギア;21432
スロウスタート;21418
未来日記;21390
神様はじめました;21387
うらら迷路帖;21334
東のエデン;21209
ヘヴィーオブジェクト;21198
聖剣使いの禁呪詠唱（ワールドブレイク）;21168
俺物語!!;21155
魔法少女育成計画;21116
ベルゼブブ嬢のお気に召すまま。;21099
涼宮ハルヒの消失;21043
黒執事;20928
だがしかし;20920
月がきれい;20919
有頂天家族２;20898
四畳半神話大系;20879
十二国記;20876
キングダム;20868
Free! - Eternal Summer -;20868
恋愛暴君;20868
劇場版トリニティセブン -悠久図書館と錬金術少女-;20860
ReLIFE;20858
僕らはみんな河合荘;20727
俺の妹がこんなに可愛いわけがない。;20721
ヤマノススメ;20711
ラブライブ！2期;20679
夏目友人帳　ニャンコ先生とはじめてのおつかい;20633
シャーマンキング;20612
ソウルイーター;20600
クロックワーク・プラネット;20587
バチカン奇跡調査官;20581
灼眼のシャナ;20543
あかねさす少女;20534
ハイスクール・フリート;20518
ベルセルク;20509
弱虫ペダル NEW GENERATION;20503
<物語>シリーズ セカンドシーズン（第6話・第11話・第16話） 総集編;20487
蒼き鋼のアルペジオ -アルス・ノヴァ-;20449
博多豚骨ラーメンズ;20383
モンスター娘のいる日常;20337
アイドルマスター シンデレラガールズ;20316
91days;20265
ちおちゃんの通学路;20262
銀河英雄伝説 Die Neue These;20210
K　RETURN OF KINGS;20206
のんのんびより りぴーと;20196
異能バトルは日常系のなかで;20152
Caligula -カリギュラ-;20152
昭和元禄落語心中;20139
たくのみ。;19944
山田くんと7人の魔女;19929
ひなこのーと;19918
青の祓魔師　京都不浄王篇;19816
機動戦士ガンダム;19752
魔装学園H×H(ハイブリッドハート);19726
ウマ娘　プリティーダービー;19684
のうりん;19588
交響詩篇エウレカセブン;19573
ひとりじめマイヒーロー;19548
私がモテてどうすんだ;19506
たまこまーけっと;19460
ストライク・ザ・ブラッドOVA ｢ヴァルキュリアの王国篇｣;19366
One Room;19358
IS<インフィニット・ストラトス>2;19260
魔法騎士レイアース;19135
王様ゲーム The Animation;19121
ダンガンロンパ3―The End of 希望ヶ峰学園―未来編;19117
GRANBLUE FANTASY The Animation;19076
残響のテロル;19026
TARI　TARI;19021
輪るピングドラム;19006
Fate/kaleid liner プリズマ☆イリヤ ツヴァイ ヘルツ！;18983
BLOOD-C;18977
生徒会役員共　番外編;18947
Fate/kaleid liner プリズマ☆イリヤ ツヴァイ！;18941
グリザイアの果実;18935
アイドルマスター SideM;18929
君に届け;18909
ダンガンロンパ3―The End of 希望ヶ峰学園―絶望編;18877
TVアニメ「ペルソナ４ ザ・ゴールデン」;18860
みなみけ;18852
ミイラの飼い方;18841
緋弾のアリア;18810
ドラゴンボール超;18794
僕は友達が少ないNEXT;18701
俺がお嬢様学校に「庶民サンプル」としてゲッツされた件;18683
CONCEPTION;18680
フルーツバスケット;18674
蒼穹のファフナー;18524
デュラララ!!×２ 結;18519
乱歩奇譚　Game of Laplace;18514
アイドルマスター;18490
ヤマノススメ サードシーズン;18475
マクロス7;18463
機動戦士ガンダム00　セカンドシーズン;18461
ツルネ －風舞高校弓道部－;18456
ハンドレッド;18431
中間管理録 トネガワ【日テレオンデマンド】;18395
少女☆歌劇 レヴュースタァライト;18345
変態王子と笑わない猫。;18272
さんかれあ;18256
リトルバスターズ！;18243
きんいろモザイク;18228
新妹魔王の契約者(テスタメント);18226
sin 七つの大罪;18191
ミュージカル『刀剣乱舞』 トライアル公演 千秋楽;18140
天使の3P！;18043
ニル・アドミラリの天秤;18026
はぐれ勇者の鬼畜美学（エステティカ）;17936
勇者になれなかった俺はしぶしぶ就職を決意しました。;17902
私がモテないのはどう考えてもお前らが悪い！;17876
ヨルムンガンド;17872
さよなら絶望先生;17863
うたの☆プリンスさまっ♪ マジLOVEレジェンドスター;17854
ゼロの使い魔;17844
セイレン;17821
ストライクウィッチーズ;17799
BLOOD＋;17799
劇場版 Free!-Timeless Medley- 絆;17780
planetarian ～ちいさなほしのゆめ～;17763
空戦魔導士候補生の教官;17712
学園黙示録ハイスクールオブザデッド;17705
ガーリッシュ ナンバー;17680
バジリスク～甲賀忍法帖～;17661
To LOVEる-とらぶる-;17655
ゴールデンタイム;17589
ナンバカ;17578
クロスアンジュ 天使と竜の輪舞（ロンド）;17563
バカとテストと召喚獣にっ!;17562
デュラララ!!×２ 転;17558
ちはやふる2;17498
映画 ハイ☆スピード！－Free! Starting Daysー;17488
ツバサ・クロニクル（第1シリーズ）;17465
デュラララ!!×２ 承;17432
ゆるゆり;17410
FAIRY TAIL ファイナルシリーズ;17397
弱虫ペダル ＧＲＡＮＤＥ ＲＯＡＤ（グランロード）;17351
ハイスクールD×D;17326
ブレイブウィッチーズ;17305
ハーモニー;17255
キノの旅-the Beautiful World-;17239
「幽☆遊☆白書」　魔界の扉編/魔界トーナメント編;17193
ドラゴンボール;17182
ニセコイ:;17171
戦姫絶唱シンフォギアAXZ;17145
あっくんとカノジョ;17143
神様はじめました◎;17074
バジリスク ～桜花忍法帖～;17065
「俺の妹がこんなに可愛いわけがない。」TV未放送 第14話～最終回第16話;17008
俺の妹がこんなに可愛いわけがない TRUEROUTE;16983
シティーハンター;16968
劇場版 Free!-Timeless Medley- 約束;16861
OVA東京喰種トーキョーグール【JACK】;16857
すべてがFになる　THE　PERFECT　INSIDER;16838
潔癖男子！青山くん;16817
AIR;16778
会長はメイド様！;16696
クズの本懐;16681
フルメタル・パニック? ふもっふ;16677
To LOVEる-とらぶる-ダークネス;16652
ねじ巻き精霊戦記 天鏡のアルデラミン;16652
TVアニメ｢Rewrite｣;16636
銀河英雄伝説　本伝・第1期;16585
銀の匙 Silver Spoon（第2期）;16555
アマガミSS;16514
瀬戸の花嫁;16503
ミュージカル『刀剣乱舞』 ～幕末天狼傳～ 大千秋楽;16469
遊☆戯☆王 デュエルモンスターズ;16457
名探偵コナン（第1シーズン）;16409
TRICKSTER -江戸川乱歩「少年探偵団」より-;16403
今日からマ王！　第１シリーズ;16402
おおきく振りかぶって;16397
聖剣の刀鍛冶;16379
"ROBOTICS;NOTES";16373
ワンピース イーストブルー編;16346
つぐもも;16287
School Days;16279
これはゾンビですか？;16259
キングダム 第2シリーズ;16258
風夏;16187
ミュージカル『刀剣乱舞』 ～阿津賀志山異聞～ 大千秋楽;16184
RAVE;16184
亜人ちゃんは語りたい;16181
ミュージカル『刀剣乱舞』 ～真剣乱舞祭2016～;16180
神様のメモ帳;16147
東京マグニチュード８．０;16118
世界一初恋;16092
Code：Realize ～創世の姫君～;16073
シドニアの騎士;16062
覆面系ノイズ;16057
夜は短し歩けよ乙女;16044
魔法戦争;16025
マンガ家さんとアシスタントさんと;16010
OVA東京喰種トーキョーグール【PINTO】;15988
戦姫絶唱シンフォギアＧＸ;15965
グリザイアの楽園;15928
ダイヤのA（第1話～第51話）;15891
ARIA The ANIMATION;15866
薄桜鬼;15805
いなり、こんこん、恋いろは。;15791
お兄ちゃんだけど愛さえあれば関係ないよねっ;15773
ダンガンロンパ　The Animation;15764
ヤマノススメ セカンドシーズン;15753
ハンドシェイカー;15738
狼と香辛料II;15709
境界線上のホライゾンII;15619
IS＜インフィニット・ストラトス＞2 OVA ワールド・パージ編;15607
家庭教師ヒットマンREBORN！;15597
アブソリュート・デュオ;15577
うたわれるもの;15519
くまみこ;15471
三者三葉;15469
戦刻ナイトブラッド;15453
こちら葛飾区亀有公園前派出所;15451
うさぎドロップ;15447
銀の墓守り;15446
あの夏で待ってる;15439
ルパン三世 PART4;15431
魔法少女リリカルなのは;15430
モノノ怪;15429
黒執事II;15414
機動戦艦ナデシコ;15393
新妹魔王の契約者 BURST;15375
PERSONA -trinity soul-;15367
ツキウタ。 THE ANIMATION;15358
SERVAMP-サーヴァンプ-;15319
異世界の聖機師物語;15301
鹿楓堂よついろ日和;15292
咲-Saki-;15277
DEATH NOTE -デスノート-;15263
COPPELION;15257
タブー・タトゥー;15235
六畳間の侵略者!?;15222
メイドインアビス;15216
雲のむこう、約束の場所;15204
幸腹グラフィティ;15196
俺の脳内選択肢が、学園ラブコメを全力で邪魔している;15191
ひぐらしのなく頃に解;15171
夜桜四重奏 -ハナノウタ-;15158
あまんちゅ！;15152
アイシールド21;15123
創聖のアクエリオン;15065
戦姫絶唱 シンフォギアG;15027
うたわれるもの　偽りの仮面;15024
デート・ア・ライブII;15022
劇場版 花咲くいろは HOME SWEET HOME;15017
地獄先生ぬ～べ～;15006
緋弾のアリアAA;14980
カオスヘッド;14867
それでも世界は美しい【日テレオンデマンド】;14851
アニメで分かる心療内科;14842
宇宙戦艦ティラミス;14828
SUPER LOVERS;14819
うたの☆プリンスさまっ♪マジLOVE1000％;14793
荒川アンダー ザ ブリッジ;14784
風が強く吹いている;14752
最近、妹のようすがちょっとおかしいんだが。;14752
うしおととら;14653
テニスの王子様;14646
ふしぎの海のナディア;14646
DOUBLE DECKER! ダグ＆キリル;14632
交響詩篇エウレカセブン　ハイエボリューション　1;14592
少年メイド;14521
｢DAYS｣;14510
咲 -Saki- 全国編;14509
グリザイアの迷宮;14500
織田信奈の野望;14439
精霊使いの剣舞;14415
じょしらく;14376
長門有希ちゃんの消失;14369
ハイスクールD×D BorN;14359
のだめカンタービレ;14281
キズナイーバー;14266
機動戦士Ζガンダム;14263
ガンダム　Gのレコンギスタ;14251
フルメタル・パニック!The Second Raid;14236
超時空要塞マクロス;14236
Dies irae（ディエス・イレ）;14200
ガンダムビルドダイバーズ;14187
ハルチカ～ハルタとチカは青春する～;14184
真月譚　月姫;14153
ディーふらぐ！;14135
ソラとウミのアイダ;14110
幻想魔伝 最遊記;14103
じょしおちっ！～2階から女の子が…降ってきた！？～;14096
だから僕は、Ｈができない。;14096
城下町のダンデライオン;14079
ゲゲゲの鬼太郎（第6作）;14037
トータル・イクリプス;14000
ガン×ソード;13960
彼女と彼女の猫 - Everything Flows -;13956
ヨスガノソラ;13911
機動武闘伝Gガンダム;13907
ロード オブ ヴァーミリオン　紅蓮の王;13780
実験品家族 -クリーチャーズ・ファミリー・デイズ-;13767
ハヤテのごとく！;13745
メルヘン・メドヘン;13730
捏造トラップ-NTR-;13725
プリンス・オブ・ストライド オルタナティブ;13702
SUPER LOVERS 2;13691
映画「図書館戦争　革命のつばさ」;13677
時間の支配者;13618
One Room セカンドシーズン;13609
千銃士;13587
彩雲国物語;13568
OVA ハイスクール・フリート;13554
ローゼンメイデン;13537
TVアニメ｢Rewrite｣2nd シーズン;13522
Phantom in the Twilight;13498
這いよれ！ニャル子さんＷ;13485
スレイヤーズ;13484
オオカミ少女と黒王子;13455
BTOOOM！;13431
うたの☆プリンスさまっ♪ マジLOVEレボリューションズ;13420
モブサイコ100;13407
ハマトラ;13382
ダイヤのＡ‐ＳＥＣＯＮＤ ＳＥＡＳＯＮ‐;13340
少女革命ウテナ;13321
ゴーストハント;13310
夢王国と眠れる100人の王子様;13248
となりの関くん;13219
旦那が何を言っているかわからない件;13213
PandoraHearts;13211
進撃！巨人中学校;13186
這いよれ！ ニャル子さんF;13186
純情ロマンチカ;13173
ハイスクールD×D NEW;13144
ブレイドアンドソウル;13133
NO.6;13112
蒼の彼方のフォーリズム;13108
ストライクウィッチーズ　劇場版;13071
名探偵コナン（第2シーズン）;13054
君に届け　2ND SEASON;13031
バカとテストと召喚獣 ～祭～;12991
モーレツ宇宙海賊;12991
ミュージカル『刀剣乱舞』 in 嚴島神社;12990
極黒のブリュンヒルデ;12929
繰繰れ！コックリさん;12913
お酒は夫婦になってから;12907
ブラッディヴォーレス;12906
この中に1人、妹がいる！;12900
裏切りは僕の名前を知っている;12897
精霊の守り人;12886
FAIRY TAIL　第176話～;12819
好きっていいなよ。;12790
彼女がフラグをおられたら;12785
伝説の勇者の伝説;12770
B-PROJECT～鼓動＊アンビシャス～;12764
シドニアの騎士 第九惑星戦役;12758
ミュージカル『刀剣乱舞』 ～三百年の子守唄～;12744
サンリオ男子;12731
スタミュ;12701
ストライクウィッチーズ Operation Victory Arrow;12690
世界征服～謀略のズヴィズダー～;12685
閃乱カグラ SHINOVI MASTER ‐東京妖魔篇‐;12672
UQ HOLDER! ～魔法先生ネギま！2～;12659
君のいる町;12650
立花館To Lieあんぐる;12579
もやしもん;12578
劇場版　はいからさんが通る　前編　～紅緒、花の17歳～;12560
世界一初恋2;12538
少女たちは荒野を目指す;12532
星を追う子ども;12520
縁結びの妖狐ちゃん;12519
サムライチャンプルー;12510
ARIA The NATURAL;12500
テイルズ オブ ジ アビス;12479
三ツ星カラーズ;12421
Get Backers;12385
ガンスリンガー・ガール;12367
ママレード・ボーイ;12357
あんハピ♪;12336
ひぐらしのなく頃に礼;12303
彼氏彼女の事情;12297
SOUND THEATRE × 夏目友人帳 ～集い 音劇の章～;12282
ひぐらしのなく頃に煌;12270
かんなぎ;12259
おくさまが生徒会長!+!;12258
planetarian～星の人～;12253
メカクシティアクターズ;12248
おそ松さん　第3.5話;12237
蒼穹のファフナー EXODUS “第２クール”;12226
弱虫ペダル Ｒｅ：ＲＩＤＥ;12216
寄生獣　セイの格率;12215
蒼穹のファフナー EXODUS;12206
アイドルマスター シンデレラガールズ劇場;12201
神さまのいない日曜日;12196
ストライクウィッチーズ2;12167
ラストピリオド ―終わりなき螺旋の物語―　;12158
もっと To LOVEる-とらぶる-;12123
Ｃ;12114
うたの☆プリンスさまっ♪ マジLOVE2000％;12109
ラーゼフォン;12055
ハロー！！きんいろモザイク;12027
ミュージカル『刀剣乱舞』　加州清光 単騎出陣2017;11985
巌窟王;11969
魔法少女リリカルなのはStrikerS;11947
ハナヤマタ;11944
SOUND THEATRE × 夏目友人帳 ～集い 音劇の章・再び～;11942
革命機ヴァルヴレイヴ;11891
龍の歯医者;11885
陰陽師・平安物語;11874
遊☆戯☆王デュエルモンスターズGX;11874
ワールド・デストラクション ～世界撲滅の六人～;11867
干物妹！うまるちゃん OAD;11859
ツバサ・クロニクル（第2シリーズ）;11852
Butlers～千年百年物語～;11838
心霊探偵八雲;11837
「KING OF PRISM by PrettyRhythm」;11835
舟を編む;11834
生徒会の一存;11828
迷家-マヨイガ-;11795
うみねこのなく頃に;11758
ステラのまほう;11741
咲-Saki- 阿知賀編 episode of side-A;11688
劇場版 世界一初恋～横澤隆史の場合～;11686
BLACK LAGOON　The Second Barrage;11685
アニマエール！;11680
シュヴァルツェスマーケン;11674
そらのおとしもの;11670
ダンタリアンの書架;11650
おくさまが生徒会長！;11647
おおきく振りかぶって～夏の大会編～;11645
SHOW BY ROCK！！;11612
バクマン。第1シリーズ;11612
帰宅部活動記録;11598
犬とハサミは使いよう;11590
最遊記 RELOAD;11582
あまんちゅ！～あどばんす～;11575
虹色デイズ;11574
TSUKIPRO THE ANIMATION;11573
灼眼のシャナIII-FINAL-;11540
一人之下 the outcast;11532
屍姫;11528
戦場のヴァルキュリア;11528
TERRAFORMARS;11491
orange;11488
シャングリ・ラ;11487
龍ヶ嬢七々々の埋蔵金;11480
ノルン+ノネット;11404
純情ロマンチカ３;11399
黄昏乙女×アムネジア;11371
ゆるゆり さん☆ハイ！;11354
TVアニメ「ペルソナ４」;11319
つうかあ;11302
魔法少女リリカルなのはA's;11302
東のエデン 劇場版I The King of Eden;11299
腐男子高校生活;11290
ゆるゆり♪♪;11248
Kanon;11240
BLACK LAGOON Roberta's Blood Trail;11227
ビッグオーダー;11225
おしえて！ ギャル子ちゃん;11221
スカートの中はケダモノでした。;11217
ひだまりスケッチ;11212
デンキ街の本屋さん;11182
DEVIL SURVIVOR2 the ANIMATION;11143
ワカコ酒;11143
FAIRY TAIL　第49話～第72話;11072
UN-GO;11071
ムヒョとロージーの魔法律相談事務所;11023
これはゾンビですか?オブ・ザ・デッド;10988
ヘタリア　Axis Powers;10974
N・H・Kにようこそ!;10938
ワンピース アラバスタ編;10923
鋼殻のレギオス;10922
家庭教師ヒットマンREBORN！vsヴァリアー編;10915
ひもてはうす;10910
灼眼のシャナII(Second);10892
ブブキ・ブランキ;10892
プラネット・ウィズ;10864
小野下野のどこでもクエスト;10857
∀ガンダム;10853
ガッチャマン クラウズ;10837
大家さんは思春期！;10836
カンピオーネ! ～まつろわぬ神々と神殺しの魔王～;10828
ありすorありす;10822
ふたりはプリキュア;10817
みなみけ　おかわり;10815
デジモンアドベンチャー02;10814
ARIA The ORIGINATION;10787
トップをねらえ！;10781
神々の悪戯(あそび);10753
ガンダムビルドファイターズ バトローグ;10732
ファンタシースターオンライン２ ジ アニメーション;10715
みなみけ　おかえり;10702
Phantom～Requiem for the Phantom～;10685
ざんねんないきもの事典;10676
FAIRY TAIL　第73話～第98話;10675
競女!!!!!!!!;10636
デッドマン・ワンダーランド;10626
ノラと皇女と野良猫ハート;10604
スクールガールストライカーズ Animation Channel;10576
あずまんが大王;10562
ダンス イン ザ ヴァンパイアバンド;10558
機動戦士ガンダムAGE;10555
最遊記 RELOAD GUNLOCK;10555
みなみけ　ただいま;10493
DIABOLIK LOVERS MORE,BLOOD;10487
劇場版FAIRY TAIL -鳳凰の巫女-;10445
棺姫のチャイカ;10427
紺碧の艦隊;10420
紅殻のパンドラ;10417
FAIRY TAIL　第125話～第150話;10414
スクライド;10400
つり球;10397
劇場版 薄桜鬼 第一章 京都乱舞;10382
Lostorage incited WIXOSS;10373
おとめ妖怪 ざくろ;10366
「おそ松さん」おうまでこばなし;10362
FAIRY TAIL　第99話～第124話;10359
エウレカセブンAO;10350
DIABOLIK LOVERS;10347
ヨルムンガンド PERFECT ORDER;10347
家庭教師ヒットマンREBORN！未来編(1);10336
失われた未来を求めて;10328
星刻の竜騎士;10307
ケロロ軍曹 1stシーズン;10303
ブギーポップは笑わない Boogiepop Phantom;10297
純情ロマンチカ２（に）;10293
伯爵と妖精;10292
閃乱カグラ;10287
ゼーガペイン;10284
装甲騎兵ボトムズ;10279
RS計画　-Rebirth Storage-;10278
ミュージカル『刀剣乱舞』 ～真剣乱舞祭2017～;10223
FAIRY TAIL　第151話～第175話;10212
スタミュ（第2期） ;10210
ゼロの使い魔 双月の騎士;10203
グラスリップ;10202
魔人探偵脳噛ネウロ【日テレオンデマンド】;10197
いちばんうしろの大魔王;10159
ARIA The OVA～ARIETTA～;10117
デス・パレード;10107
侵略!イカ娘;10103
ミュージカル『刀剣乱舞』 ～つはものどもがゆめのあと～;10103
RDG レッドデータガール;10088
家庭教師ヒットマンREBORN！未来編(2);10083
宇宙戦艦ヤマト2199(TV版);10078
Lostorage conflated WIXOSS;10076
ワルキューレロマンツェ;10060
18if;10059
最遊記外伝;10037
プラネテス;10028
美男高校地球防衛部LOVE！;10019
アクエリオンEVOL;10010
よんでますよ、アザゼルさん。;10000
selector infected WIXOSS;9986
｢最遊記RELOAD-burial-｣;9974
東のエデン 劇場版II Paradise Lost;9943
逆境無頼カイジ;9932
ラディアン;9932
それが声優！;9931
アクティヴレイド －機動強襲室第八係－;9926
天空のエスカフローネ;9905
こばと。;9888
蒼穹のファフナー　HEAVEN AND EARTH;9876
薄桜鬼碧血録　全10話＋特別編;9871
ダメプリ ANIME CARAVAN;9849
ブラスレイター;9845
レガリア The Three Sacred Stars;9813
SPIRITPACT スピリットパクト;9807
魔法先生ネギま！;9791
アイカツ！;9771
ゼロの使い魔F;9771
旦那が何を言っているかわからない件 2スレ目;9763
交響詩篇エウレカセブン ポケットが虹でいっぱい;9750
"CHAOS;CHILD SILENT SKY";9746
ろんぐらいだぁす！;9731
カブキブ！;9725
満月をさがして;9723
最遊記外伝 特別篇 香花の章;9712
キノの旅 病気の国 -For You-;9701
アンジュ・ヴィエルジュ;9698
アイドルマスター シンデレラガールズ劇場　2期;9689
僧侶と交わる色欲の夜に…（地上波版）;9685
剣風伝奇　ベルセルク;9672
バトルガール ハイスクール;9661
ALL OUT!!;9636
彩雲国物語第2シリーズ;9636
ばくおん!!;9627
俗・さよなら絶望先生;9603
GJ部【日テレオンデマンド】;9596
南鎌倉高校女子自転車部;9586
ゼロの使い魔 三美姫の輪舞;9561
家庭教師ヒットマンREBORN！Ｉ世ファミリー編;9560
闘牌伝説アカギ;9540
TRIGUN (トライガン);9538
レーカン！;9531
黒神 The Animation;9517
ローリング☆ガールズ;9481
家庭教師ヒットマンREBORN！未来決戦編;9478
我が家のお稲荷さま。;9477
NANA－ナナ－;9473
銀河英雄伝説　本伝・第2期;9470
NARUTO‐ナルト‐波の国編;9470
アルカナ・ファミリア;9464
勇者王ガオガイガー;9443
ファイブスター物語;9440
北斗の拳;9418
オオカミさんと七人の仲間たち;9393
薄桜鬼 黎明録;9382
ブラッドラッド;9371
ダイヤのＡ（第52話～第75話）;9370
西洋骨董洋菓子店 ～アンティーク～;9365
パンチライン;9359
劇場版 薄桜鬼 第二章 士魂蒼穹;9343
昭和元禄落語心中 -助六再び篇-;9321
サクラ大戦 ～桜華絢爛～;9314
琴浦さん;9313
少年陰陽師;9310
フリクリ;9301
遊☆戯☆王5D's;9288
ガラスの花と壊す世界;9276
ベイビーステップ;9267
レンタルマギカ[TVシリーズ];9246
ロードス島戦記;9244
ワンピース グランドライン突入編;9231
アスラクライン;9204
ナナマル サンバツ;9201
AKIBA’S TRIP -THE ANIMATION-;9197
信長の忍び;9193
Panty&Stocking with Garterbelt;9166
ロウきゅーぶ!;9158
ガールフレンド(仮);9155
レイトン ミステリー探偵社 ～カトリーのナゾトキファイル～;9155
荒川アンダー ザ ブリッジ×ブリッジ;9145
懺・さよなら絶望先生;9142
叛逆性ミリオンアーサー;9140
げんしけん;9138
たまゆら;9137
もやしもんリターンズ;9128
お見合い相手は教え子、強気な、問題児。;9126
RAIL WARS！;9120
キャプテン翼;9118
銀河英雄伝説　本伝・第3期;9116
Ｍ３～ソノ黒キ鋼～;9113
ハヤテのごとく!!;9097
ヴァルキリードライヴ マーメイド;9091
聖戦ケルベロス 竜刻のファタリテ;9076
家庭教師ヒットマンREBORN！未来チョイス編;9067
悪魔のリドル;9066
劇場版 美少女戦士セーラームーンS;9060
殺せんせーQ！;9042
ガンダムビルドファイターズトライ;9033
革命機ヴァルヴレイヴ 2nd SEASON;9031
劇場版 美少女戦士セーラームーンR;9027
今日からマ王！　第２シリーズ;9001
ガンダムビルドファイターズ;8991
境界のRINNE 1期;8986
デジモンアドベンチャー　ぼくらのウォーゲーム;8971
SHOW BY ROCK!!#;8961
のだめカンタービレ　フィナーレ;8934
銀の墓守りII;8880
tactics;8870
蒼穹のファフナー　RIGHT　OF　LEFT;8860
バクマン。第3シリーズ　;8846
ネギま！？;8814
LUPIN THE IIIRD 血煙の石川五エ門;8809
ルパン三世 2nd series;8793
エンジェル・ハート;8787
トップをねらえ2！;8775
宇宙戦艦ティラミスII;8761
NARUTO-ナルト- 疾風伝　忍界大戦編(4);8758
実は私は;8757
モーレツ宇宙海賊 ABYSS OF HYPERSPACE -亜空の深淵-;8742
ワンピース チョッパー登場・冬島編;8720
LUPIN THE IIIRD 次元大介の墓標;8719
妖怪ウォッチ;8711
ゆるゆり　なちゅやちゅみ！;8705
音楽少女;8695
キノの旅 何かをするために -Life goes on-/キノの旅 塔の国 -Free Lance-;8685
はじめの一歩;8671
学園BASARA;8665
灼熱の卓球娘;8653
まりあ†ほりっく;8643
Animelo Summer Live 2014 -ONENESS-;8630
Room Mate;8618
ガンダムビルドファイターズ GMの逆襲;8610
家庭教師ヒットマンREBORN！アルコバレーノ編;8604
こどものおもちゃ;8604
アニメガタリズ;8589
TVアニメ「メルクストーリア -無気力少年と瓶の中の少女-」;8574
ユリ熊嵐;8570
銀河英雄伝説　本伝・第4期;8562
ブラック★ロックシューター;8561
キューティクル探偵因幡;8556
中華一番！;8507
R-15;8506
バクマン。第2シリーズ;8484
『Starry☆Sky』;8478
亡念のザムド;8438
劇場版 FAIRY TAIL -DRAGON CRY-;8427
BROTHERS CONFLICT;8413
夜ノヤッターマン;8403
涼宮ハルヒちゃんの憂鬱;8401
灼眼のシャナS(OVA);8394
Dr.スランプ　アラレちゃん;8376
LOVE STAGE!!;8363
魔法遣いに大切なこと;8361
今日からマ王！　第３シリーズ;8348
スペースコブラ;8346
神撃のバハムート GENESIS;8346
ディバインゲート;8335
サムライフラメンコ;8321
真剣で私に恋しなさい!! (放送版);8299
ヘタリア The World Twinkle;8281
のだめカンタービレ 巴里編;8280
ＧＩＡＮＴ ＫＩＬＬＩＮＧ;8269
普通の女子校生が【ろこどる】やってみた。;8260
家庭教師ヒットマンREBORN！日常編;8248
奇異太郎少年の妖怪絵日記;8230
ヤマノススメ おもいでプレゼント;8228
そらのおとしものf;8199
白銀の意思 アルジェヴォルン;8198
リプライ ハマトラ;8189
BAKUMATSU;8183
怪～ayakashi～;8172
テラフォーマーズ　リベンジ;8165
RD潜脳調査室;8162
SHUFFLE!;8149
Animelo Summer Live 2015 -THE GATE-;8109
鉄のラインバレル;8107
ましろ色シンフォニー;8097
宇宙兄弟;8096
プリンセスラバー!;8083
仙界伝 封神演義;8077
風のスティグマ;8061
おまもりひまり;8055
true tears;8042
刀剣乱舞　おっきいこんのすけの刀剣散歩;8024
プリティーリズム・レインボーライブ;8016
ランス・アンド・マスクス;8015
NARUTO-ナルト- 疾風伝　忍界大戦編(1);7999
踏切時間;7987
美男高校地球防衛部LOVE！LOVE！;7985
ガッチャマン クラウズ インサイト;7957
C3 -シーキューブ-;7949
BRAVE10;7939
百花繚乱 サムライガールズ;7932
OVA 『うたわれるもの』;7925
学園アリス;7916
スカーレッドライダーゼクス;7914
金田一少年の事件簿R;7912
FREEDOM;7893
上坂すみれのヤバい○○;7864
シティーハンター2;7861
しにがみのバラッド。;7835
おおかみかくし;7816
劇場版 美少女戦士セーラームーンＳｕｐｅｒＳ　セーラー９戦士集結！ブラック・ドリーム・ホールの奇跡;7805
DYNAMIC CHORD;7804
若おかみは小学生！;7793
アドベンチャー・タイム;7769
海月姫;7766
バディ・コンプレックス;7758
プリパラ;7739
LUPIN the Third ～峰不二子という女～;7732
アイドルマスター シンデレラガールズ劇場　3rd SEASON;7728
ヤング ブラック･ジャック;7724
ベイビーステップ 第2シリーズ;7722
ゆるゆり なちゅやちゅみ！+　+1;7718
selector spread WIXOSS;7710
魍魎の匣【日テレオンデマンド】;7687
Wake Up,Girls！;7686
GA 芸術科アートデザインクラス;7674
ラストエグザイル;7671
ガンスリンガー・ガール ― IL TEATRINO ―;7660
苺ましまろ 2005 TV ANIMATION SERIES;7649
ウィザード・バリスターズ～弁魔士セシル;7648
笑ゥせぇるすまんNEW;7643
GANTZ (オンエア版);7635
金田一少年の事件簿Ｒ（2015）;7633
ベルセルク　黄金時代篇 I　覇王の卵;7619
ネコぱらOVA;7618
ゆるゆり なちゅやちゅみ！+　+2;7618
カレイドスター;7610
NARUTO-ナルト- 疾風伝　ペイン来襲編;7600
ヘタリア　Ｔhe Ｂeautiful Ｗorld;7599
重戦機エルガイム;7570
涼風;7567
聖戦士ダンバイン;7562
らき☆すたOVA(オリジナルなビジュアルとアニメーション);7541
伊藤潤二『コレクション』;7523
ソウルイーターノット！;7523
ご愁傷さま二ノ宮くん;7521
クロノクルセイド;7519
戦国BASARA;7518
銀河英雄伝説　外伝1;7476
撲殺天使ドクロちゃん;7473
灼眼のシャナ SP｢恋と温泉の校外学習!｣;7466
NARUTO-ナルト- 疾風伝　忍界大戦編(3);7453
「王室教師ハイネ －THE MUSICAL－」;7453
エンドライド;7445
そらのおとしものFinal 永遠の私の鳥籠（エターナルマイマスター）;7445
RWBY VOLUME 1-3: The Beginning;7443
ノブナガ・ザ・フール;7437
NARUTO‐ナルト‐木ノ葉崩し編;7436
生徒会の一存 Lv.2;7434
劇場版そらのおとしもの 時計じかけの哀女神;7433
わかば＊ガール;7415
超次元ゲイム ネプテューヌ;7403
ガンダムビルドファイターズトライ アイランド・ウォーズ;7397
舞-HiME;7388
ヘタリア　World Series;7384
探偵学園Ｑ;7374
クラシカロイド;7360
キテレツ大百科;7357
イナズマイレブン アレスの天秤 ;7354
一人之下 羅天大ショウ篇（ラテンタイショウ篇）　;7341
ひだまりスケッチ×365;7333
Dance with Devils;7318
火ノ丸相撲;7303
マリア様がみてる;7299
今日からマ王！R;7283
異国迷路のクロワーゼ The Animation;7281
NARUTO-ナルト- 疾風伝　風影奪還編;7279
逆境無頼カイジ 破戒録篇【日テレオンデマンド】;7278
劇場版「灼眼のシャナ」;7275
ひだまりスケッチ×☆☆☆;7229
マジきゅんっ！ルネッサンス;7201
ブブキ・ブランキ 星の巨人;7192
25歳の女子高生;7174
逆転裁判 ～その｢真実｣、異議あり！～ Season 2;7168
セントールの悩み;7167
焼肉店センゴク;7166
ドラゴンボール超　第47話～第76話;7160
狐狸之声;7157
喧嘩番長 乙女 -Girl Beats Boys-;7148
ツキウタ。DRAMAシリーズ;7140
スパイラル-推理の絆-;7138
ViVid Strike!;7125
兄に付ける薬はない！2-快把我哥帯走2-;7122
サクラ大戦 ～轟華絢爛～;7122
アップルシードXIII;7114
スレイヤーズNEXT;7109
よんでますよ、アザゼルさん。Z;7100
Yes！プリキュア5;7099
ぱにぽにだっしゅ！;7094
KING OF PRISM -PRIDE the HERO-;7092
ラストエグザイル -銀翼のファム-;7050
棺姫のチャイカ AVENGING BATTLE;7047
銀河英雄伝説　外伝4;7027
トリニティ・ブラッド;7017
マケン姫っ!;6986
銀河英雄伝説　外伝3;6954
シャイニング・ティアーズ・クロス・ウィンド;6951
あいまいみー;6940
ふたりはプリキュアMaxHeart;6933
ぼくの地球を守って;6911
たまゆら ～hitotose～;6906
侵略!?イカ娘;6904
霊剣山 叡智への資格;6900
怪獣娘～ウルトラ怪獣擬人化計画～;6887
ツインエンジェルBREAK;6886
銀河英雄伝説　外伝2;6877
アイカツ！（2ndシーズン）;6857
ARIA The AVVENIRE;6855
アクエリオンロゴス;6843
ポンコツクエスト～魔王と派遣の魔物たち～;6838
一騎当千;6832
美男高校地球防衛部HAPPY KISS！;6826
フリップフラッパーズ;6818
PEACE MAKER鐵;6810
NARUTO-ナルト- 疾風伝　自来也VSペイン・サスケVSイタチ編;6801
ひだまりスケッチ×ハニカム;6782
えとたま;6771
超魔神英雄伝ワタル;6764
アイドルマスター XENOGLOSSIA;6761
NARUTO‐ナルト‐中忍試験編;6748
スレイヤーズＴＲＹ;6743
NARUTO‐ナルト‐サスケ奪還編;6737
ぼのぼの;6730
Animelo Summer Live 2013 -FLAG NINE-;6725
無限の住人;6714
戦国乙女～桃色パラドックス～;6708
ブラック・ジャック;6696
ロボマスターズ;6692
ジパング;6674
信長の忍び～姉川・石山篇～;6674
NARUTO‐ナルト‐綱手捜索編;6661
あそびにいくヨ！;6653
ガンスリンガー ストラトス;6652
アクティヴレイド －機動強襲室第八係－2nd;6636
スクラップド・プリンセス;6634
百花繚乱 サムライブライド;6634
ドラゴンボール超　第77話～第131話;6630
ジャングルはいつもハレのちグゥ;6606
ケイオスドラゴン　赤竜戦役;6595
ながされて藍蘭島;6585
劇場版 美少女戦士セーラームーンＳｕｐｅｒＳ外伝　亜美ちゃんの初恋;6584
NARUTO-ナルト- 疾風伝　五影編;6584
アスタロッテのおもちゃ!;6583
FORTUNE ARTERIAL　赤い約束;6579
スクールランブル;6574
無限のリヴァイアス;6564
DRAMAtical Murder;6562
デジモンアドベンチャー02 ディアボロモンの逆襲;6560
深夜！天才バカボン;6556
夜明け告げるルーのうた;6556
URAHARA;6549
宇宙戦艦ヤマト2199 星巡る方舟;6548
はじめの一歩 Rising;6547
ハッカドール THE あにめ～しょん;6547
瀬戸の花嫁 OVA;6544
ジャイアント ロボ THE ANIMATION 地球が静止する日;6539
魔法少女リリカルなのはViVid;6537
秘密　～The Revelation～;6531
宇宙のステルヴィア;6527
ワガママハイスペック;6523
ガリレイドンナ;6499
軒轅剣・蒼き曜;6496
境界のRINNE 2期;6494
ラブひな;6494
ストロベリー・パニック;6490
ロードス島戦記-英雄騎士伝-;6485
いつか天魔の黒ウサギ;6478
シャイニング・ハーツ ～幸せのパン～;6478
Wake Up, Girls！ 新章;6477
プリティーリズム・オーロラドリーム;6476
夏雪ランデブー;6465
バッテリー;6464
神無月の巫女;6460
涼宮ハルヒの激奏;6451
あたしンち(第1話～第26話);6450
えむえむっ！;6450
アスラクライン2;6448
魔法先生ネギま! 〜もうひとつの世界〜;6440
魔法先生ネギま! 〜白き翼 ALA ALBA〜;6439
劇場版 魔法先生ネギま! ANIME FINAL;6436
東京ESP;6433
ルパン三世 ルパンVS複製人間;6426
NARUTO-ナルト- 疾風伝　飛段・角都編;6422
テイルズ オブ エターニア　THE ANIMATION;6415
クイーンズブレイド 流浪の戦士;6411
D・N・ANGEL;6389
NARUTO-ナルト- 疾風伝　忍界大戦編(2);6384
はじめの一歩 New Challenger;6363
げんしけん二代目;6359
ベルサイユのばら;6359
放浪息子;6357
枕男子;6353
ロミオ×ジュリエット;6352
ニンジャスレイヤー フロムアニメイシヨン;6351
プリンセス・プリンセス;6350
劇場版　K　MISSING　KINGS;6345
フラクタル;6339
月詠 －MOON PHASE－;6334
ウサビッチ　シーズン1;6332
勇者王ガオガイガーFINAL;6330
ガンパレード・マーチ　新たなる行軍歌;6325
魔神英雄伝ワタル;6303
天地無用!;6302
MARGINAL#4 KISSから創造るBig Bang;6302
NARUTO-ナルト- 疾風伝　守護忍十二士編;6289
フリージング;6289
アイドルマスター SideM 理由あってMini！;6286
オーバーマン キングゲイナー;6284
機甲戦記ドラグナー;6277
未来少年コナン;6277
ビキニ・ウォリアーズ;6270
Classroom☆Crisis;6264
EVIL OR LIVE;6249
劇場版“文学少女”;6249
あかね色に染まる坂;6247
うぽって！！;6246
戦場のヴァルキュリア3 誰がための銃瘡;6242
ハヤテのごとく!! アツがナツいぜ 水着編！（OVA）;6242
ロウきゅーぶ！SS;6237
バンブーブレード(BAMBOO BLADE);6213
石膏ボーイズ;6195
旭日の艦隊;6176
シティーハンター'91;6173
新幹線変形ロボ シンカリオン;6171
APPLESEED;6165
墓場鬼太郎;6165
ステラ女学院高等科C3部（しーきゅーぶ）;6160
イタズラなKiss;6151
ムネモシュネの娘たち;6136
MADLAX;6129
霊剣山　星屑たちの宴;6123
天体戦士サンレッド;6121
シティーハンター3;6091
NARUTO-ナルト- 疾風伝　サスケ再会編;6090
ぼのぼの(2016);6082
ファイ・ブレイン～神のパズル 第1シリーズ;6065
NARUTO‐ナルト‐オリジナル編1;6056
無責任艦長タイラー;6052
あまつき;6046
あにトレ！EX;6035
D.C.～ダ・カーポ～;6019
機神咆吼デモンベイン;6011
Yes！プリキュア5GoGo！;6006
ブレンパワード;6003
クッキングパパ;6002
新世紀GPX　サイバーフォーミュラSIN;5987
だんちがい;5972
ミカグラ学園組曲;5964
ヒロイック・エイジ;5963
舞台「ノラガミー神と願いー」ディレクターズ・カット版;5960
勇者特急マイトガイン;5957
兄に付ける薬はない！-快把我哥帯走-;5949
ミスター味っ子;5945
健全ロボ ダイミダラー;5941
アイドルタイムプリパラ;5939
アリソンとリリア;5921
スレイヤーズEVOLUTION-R;5919
K FOR BEGINNERS;5917
11eyes;5911
戦国鳥獣戯画;5909
聖闘士星矢 - 黄金魂 soul of gold -;5908
NARUTO-ナルト- 疾風伝　三尾編;5903
Devil May Cry;5895
スレイヤーズREVOLUTION;5892
笑ゥせぇるすまん（89～93年）【デジタルリマスター版】;5883
たまゆら～卒業写真～第1部　芽－きざし－;5878
獣神演武 HERO TALES;5872
あいまいみー～Surgical Friends～;5870
テルマエ・ロマエ;5866
デス・ビリヤード;5861
ISUCA-イスカ-;5856
銀幕ヘタリア　Ａxis Ｐowers Ｐaint it, Ｗhite（白くぬれ！）;5853
サクラ大戦 活動写真;5850
スレイヤーズ(完全無欠版);5833
台風のノルダ;5819
ウィッチブレイド;5806
砂ぼうず;5795
たまゆら ～もあぐれっしぶ～;5787
ふたりはプリキュアSplash☆Star;5786
BECK;5767
プリパラ 2nd season;5766
まじもじるるも;5762
舞台「KING OF PRISM －Over the Sunshine!－」;5761
京極夏彦　巷説百物語;5759
Midnight Crazy Trail;5754
小森さんは断れない！;5747
バーナード嬢曰く｡;5745
Animelo Summer Live 2012 -INFINITY∞-;5730
吸血姫美夕Vampire Princess Miyu;5714
NARUTO-ナルト- 疾風伝　六尾編;5709
イケメン戦国◆時をかけるが恋ははじまらない;5708
シュガシュガルーン;5702
ケロロ軍曹 2ndシーズン;5697
クイーンズブレイド リベリオン;5694
舞-乙HiME;5693
銀河鉄道999　出発篇;5691
NOIR;5690
戦国コレクション;5689
ケロロ軍曹 3rd シーズン;5687
パタリロ！;5684
新世紀GPXサイバーフォーミュラ;5663
信長の忍び～伊勢・金ヶ崎篇～;5652
プリパラ 3rd season;5639
ジャングルの王者ターちゃん;5633
THE ビッグオー;5612
俺たちに翼はない;5595
NARUTO-ナルト- 疾風伝　オリジナル(1) 過去編;5593
新あたしンち;5592
デジモンアドベンチャー02 前編 デジモンハリケーン上陸！！ 後編 超絶進化！！黄金のデジメンタル;5585
SHOW BY ROCK!!しょ～と!!;5581
涼宮ハルヒの弦奏;5570
闇芝居;5561
ケロロ軍曹 5thシーズン;5559
魔法の天使 クリィミーマミ;5552
劇場版 「ドラゴンボールZ 復活の「F」」;5550
ケロロ軍曹 4thシーズン;5549
聖闘士星矢 THE LOST CANVAS 冥王神話;5545
サムライ7;5540
DIABOLIK LOVERS　Episode6.5;5533
刀剣乱舞　おっきいこんのすけの刀剣散歩　弐;5532
ホイッスル！;5531
伝説巨神イデオン;5527
サクラ大戦　ニューヨーク・紐育;5518
サクラ大戦 エコール・ド・巴里;5502
世界でいちばん強くなりたい！【リテイク版】;5502
おこしやす、ちとせちゃん;5499
Thunderbolt Fantasy 東離剣遊紀2;5491
陸奥圓明流外伝 修羅の刻;5484
バディ・コンプレックス 完結編 -あの空に還る未来で-;5477
Thunderbolt Fantasy 東離剣遊紀;5475
げんしけん2;5470
舞台「文豪ストレイドッグス」千穐楽公演;5468
創勢のアクエリオンＥＶＯＬ;5466
魔法少女なんてもういいですから。;5458
K All in One Edition～Master in 2Hours～;5451
パワーパフ ガールズ（リマスター版）;5449
ドリフェス！;5446
恋姫†無双;5414
ミュージカル「ヘタリア～in the new world～」大阪千秋楽ノーカット版;5402
北斗の拳2;5400
おねがいマイメロディ;5399
S・A～スペシャル・エー～;5395
星空へ架かる橋;5391
グラゼニ;5378
イナズマイレブン　世界への挑戦!!編;5371
イナズマイレブン　脅威の侵略者編;5352
甘い懲罰～私は看守専用ペット;5348
有頂天家族２　面白きことは良きことなり　放送直前スペシャル;5348
でびどる！;5339
オシリスの天秤;5337
NARUTO-ナルト- 疾風伝　オリジナル(2) 航海編;5334
半分の月がのぼる空;5331
スピリットパクト　-黄泉の契り-;5330
MURDER PRINCESS;5330
NARUTO‐ナルト‐オリジナル編3;5329
魔探偵ロキ RAGNAROK;5326
サクラ大戦　ル・ヌーヴォー・巴里;5323
NARUTO‐ナルト‐オリジナル編2;5296
舞台「パタリロ！」;5295
聖闘士星矢Ω;5292
イナズマイレブン フットボールフロンティア編;5282
ミュージカル｢ヘタリア～Singin’in the World～｣;5281
てさぐれ！部活もの【日テレオンデマンド】;5277
金色のコルダ　Blue♪Sky【日テレオンデマンド】;5276
乃木坂春香の秘密;5273
マケン姫っ！通;5268
NARUTO‐ナルト‐オリジナル編4;5241
ヴァンドレッド;5221
まりあ†ほりっく あらいぶ;5205
キラッとプリ☆チャン;5200
蒼き流星SPTレイズナー;5197
ささめきこと;5197
戦国BASARA弐;5193
戦国BASARA Judge End【日テレオンデマンド】;5187
ガングレイヴ;5183
神曲奏界ポリフォニカ;5181
COBRA THE ANIMATION;5173
クイーンズブレイド 玉座を継ぐ者;5167
にゃんこデイズ ;5167
少年ハリウッド -HOLLY STAGE FOR 49-/少年ハリウッド -HOLLY STAGE FOR 50-;5159
てーきゅう;5157
NARUTO-ナルト- 疾風伝　特別編　力-Chikara-;5153
猫神やおよろず;5153
魔乳秘剣帖;5139
ウィッチハンターロビン;5135
南国少年パプワくん;5122
断裁分離のクライムエッジ;5096
おじさんとマシュマロ;5094
蒼天航路;5092
ONE OUTS【日テレオンデマンド】 ;5088
はなまる幼稚園;5054
アイドル事変;5040
スレイヤーズすぺしゃる;5039
ファンタジスタドール;5034
ポンコツクエスト～魔王と派遣の魔物たち～　シーズン3;5023
クラスターエッジ;5013
ドルアーガの塔 ～the Aegis of URUK～;5008
フリージング ヴァイブレーション;5003
SoltyRei;4993
スレイヤーズRETURN（劇場版）;4991
劇場版トライガン Badlands Rumble;4983
おそ松くん;4968
Animelo Summer Live 2016 刻-TOKI-;4953
シスター・プリンセス;4953
「ツキウタ。THE ANIMAION」dアニメストア特別映像特典;4950
ToHeart;4941
プリティーリズム・ディアマイフューチャー;4936
英国一家、日本を食べる;4918
イナズマイレブン オリオンの刻印;4914
宇宙パトロールルル子;4892
スレイヤーズぷれみあむ（劇場版）;4883
舞台「男水！」;4878
ビーストウォーズ　超生命体トランスフォーマー;4869
宙のまにまに;4867
エリアの騎士;4866
ツキプロch.;4860
スレイヤーズえくせれんと;4856
ぷちます！ -プチ・アイドルマスター-;4856
GIRLSブラボー first season;4847
神霊狩／GHOST HOUND;4838
薄桜鬼～御伽草子～;4836
ずんだホライずん;4824
まんがーる！;4810
超獣機神ダンクーガ(TV);4778
勝負師伝説哲也;4771
アベノ橋魔法☆商店街;4767
スレイヤーズぐれえと;4764
魔法少女隊アルス;4762
そにアニ －SUPER SONICO THE ANIMATION－;4756
愛・天地無用！;4754
タユタマ - Kiss on my Deity -;4741
"Myself ; Yourself";4727
覇王大系リューナイト;4724
スレイヤーズごぅじゃす;4718
capeta;4712
アルジェントソーマ;4695
お伽草子;4694
悪偶（あぐう） -天才人形-;4683
トリアージX;4674
ふしぎ星の☆ふたご姫;4661
魔法少女なんてもういいですから。セカンドシーズン;4660
地球防衛企業ダイ・ガード;4658
蒼天の拳;4654
ヴァンドレッド the second stage;4654
Infini-T Force;4648
ガサラキ;4643
アイカツスターズ！;4638
祝福のカンパネラ;4634
ガラスの仮面;4624
一騎当千 Great Guardians;4615
GADGUARD;4599
ネギま！？ 春・夏;4596
ミュージカル「ヘタリア～The Great World～」;4592
ムシウタ;4592
あにトレ！XX～ひとつ屋根の下で～;4581
牙狼＜GARO＞－炎の刻印－;4579
Wake Up, Girls！ 七人のアイドル;4577
一騎当千　Dragon Destiny;4575
SHOW BY ROCK！！ MUSICAL～唱え家畜共ッ！深紅色の堕天革命黙示録ッ！！;4568
宇宙戦艦ヤマト2199 追憶の航海;4567
てーきゅう 9期;4554
美男高校地球防衛部LOVE！LOVE！LOVE！;4547
銀河漂流バイファム;4545
天地無用！魎皇鬼 第三期;4538
クラシカロイド　第2シリーズ;4532
一騎当千 XTREME XECUTOR;4531
ゲートキーパーズ;4525
お姉ちゃんが来た;4521
大魔法峠;4518
鎧伝サムライトルーパー;4506
女子高生;4500
SPEED GRAPHER;4491
アイカツ！（3rdシーズン）;4487
神曲奏界ポリフォニカ クリムゾンS;4482
温泉幼精ハコネちゃん;4475
幕末機関説　いろはにほへと;4474
おへんろ。～八十八歩記～;4469
キディ・グレイド;4466
さくらももこ劇場　コジコジ;4464
NG騎士ラムネ&40;4462
ねこねこ日本史;4449
｢侵略!!イカ娘｣オリジナルアニメーション2012SUMMER;4437
DIVE!!;4432
デジモンテイマーズ 冒険者たちの戦い;4428
映画プリキュアドリームスターズ！;4424
らき☆すたin武道館 あなたのためだから;4422
シュヴァリエ;4420
ぷちます！！ -プチプチ・アイドルマスター-;4404
モンスターハンター ストーリーズ RIDE ON;4404
D.C.II ～ダ・カーポII～;4393
戦国無双;4389
護くんに女神の祝福を！;4388
魔動王グランゾート;4354
あたしンち(第27話～第52話);4352
舞台『おそ松さん on STAGE ～SIX MEN’S SHOW TIME 2～』;4350
スターシップ・オペレーターズ;4345
｢侵略!!イカ娘｣オリジナルアニメーション2013SUMMER;4339
宇宙の騎士テッカマンブレード;4332
サイボーグクロちゃん;4325
天体戦士サンレッド(第2期);4314
パンでPeace！;4304
SHUFFLE!MEMORIES;4303
血液型くん！4;4293
ドルアーガの塔 ～the Sword of URUK～;4287
たまゆら～卒業写真～第2部　響－ひびき－;4285
劇場版「Dance with Devils-Fortuna-」;4283
アイカツ！（4thシーズン）;4272
たまゆら～卒業写真～第4部　朝－あした－;4270
天地無用！GXP;4270
ウサビッチ　ZERO;4260
アルプスの少女ハイジ;4250
銃娘：ガンガール;4250
爆裂天使;4238
GEAR戦士電童;4236
君のいる町　OAD;4235
歌劇｢明治東亰恋伽～朧月の黒き猫～｣;4233
湘南爆走族;4228
勇者警察ジェイデッカー;4223
大正メビウスライン ちっちゃいさん;4216
斉藤壮馬・石川界人のダメじゃないラジオ;4210
探偵歌劇 ミルキィホームズ TD;4209
メトロポリス;4207
魔神英雄伝ワタル2;4205
夏のあらし！;4190
鴉 -KARAS-;4183
ピアシェ～私のイタリアン～;4182
Animelo Summer Live 2011 -rainbow-;4174
幕末Rock;4170
ツキプロch. シーズン2;4166
たまゆら～卒業写真～第3部　憧－あこがれ－;4165
COBRA THE ANIMATION　ザ・サイコガン;4154
普通の女子校生が【ろこどる】やってみた。クリスマススペシャル;4148
宇宙をかける少女;4147
勇者指令ダグオン;4143
ネコぱらOVA　仔ネコの日の約束;4132
京四郎と永遠の空;4126
プリズム・アーク;4125
学園戦記ムリョウ;4116
ナースウィッチ小麦ちゃんＲ;4114
Bonjour♪恋味パティスリー;4108
劇場版 「ドラゴンボールZ 神と神」;4105
仮面のメイドガイ;4104
グリーングリーン;4096
へうげもの;4082
戦闘メカ ザブングル;4072
チーティングクラフト;4071
這いよる!ニャルアニ;4062
ケロロ軍曹 7thシーズン;4059
ルパン三世TVSP #01 バイバイ・リバティー・危機一発！;4058
火の鳥;4054
ロミオの青い空;4038
ポンコツクエスト～魔王と派遣の魔物たち～　シーズン4;4032
獣王星;3997
ウサビッチ　シーズン5;3988
ルパン三世 1st series;3983
新世紀GPX　サイバーフォーミュラSAGA;3972
あまえないでよっ!!;3969
EX MACHINA-APPLESEED SAGA-;3960
Animelo Summer Live 2009 -RE:BRIDGE-;3957
マリア様がみてる　４ｔｈシーズン;3954
BLAZBLUE ALTER MEMORY;3940
ロスト・ユニバース;3937
てーきゅう 8期;3935
七つの海のティコ;3916
劇場版アイカツ！;3913
FREEDOM SEVEN;3906
カイトアンサ;3904
にょろーんちゅるやさん;3902
マリア様がみてる　OVA;3901
マリア様がみてる～春～;3895
Get Ride！アムドライバー;3883
プリンセスチュチュ;3883
劇場版サイレントメビウス;3878
ラブ米 -WE LOVE RICE-;3875
東京魔人學園剣風帖 龍龍(トウ);3867
チャージマン研！;3866
まぶらほ[TVシリーズ];3862
かりん;3852
あいまいみー～妄想カタストロフ～;3847
新世紀GPX サイバーフォーミュラZERO;3846
キャッツ・アイ;3839
銀河鉄道999　アンドロメダ篇;3838
森田さんは無口。;3837
D.C.II.S.S.～ダ・カーポII セカンドシーズン～;3835
Phantom-PHANTOM THE ANIMATION;3834
ケロロ軍曹 6thシーズン;3821
ウサビッチ　シーズン4;3816
せいぜいがんばれ！魔法少女くるみ;3811
ミュージカル「忍たま乱太郎」第5弾～新たなる敵！～;3810
ANIMAX MUSIX 2018 OSAKA;3808
ウサビッチ　シーズン2;3808
少年アシベ GO！GO！ゴマちゃん;3805
絶対防衛レヴィアタン;3804
ルパン三世 PARTIII;3794
パワーパフ ガールズ（新作シリーズ）;3790
デジモンテイマーズ 暴走デジモン特急;3784
てさぐれ！部活もの あんこーる【日テレオンデマンド】;3781
撲殺天使ドクロちゃん2(セカンド);3780
よろしくメカドック;3779
雨色ココア;3766
ウサビッチ　シーズン3;3765
神様はじめました THE MUSICAL♪;3764
真・恋姫†無双;3758
ゾイドワイルド;3731
おねがいマイメロディ ～くるくるシャッフル！～;3730
スクールランブル二学期;3729
空中ブランコ;3710
新世紀GPX　サイバーフォーミュラ11;3710
茄子 アンダルシアの夏;3701
冥王計画ゼオライマー;3698
ダメプリ ANIME CARAVAN dアニメストア特別映像特典;3696
探偵オペラ ミルキィホームズ 第2幕;3685
銀河鉄道999　空間軌道篇;3682
Wake Up, Girls！青春の影;3666
｢リコーダーとランドセル ド♪｣;3663
デジモンフロンティア 古代デジモン(オニスモン)復活！！;3659
COBRA THE ANIMATION　タイム・ドライブ;3635
ドリフェス！R;3629
Animelo Summer Live 2010 -evolution-;3622
磯部磯兵衛物語;3621
おそ松さん on STAGE ～SIX MEN'S SHOW TIME～ 配信版;3615
てさぐれ！部活もの すぴんおふ プルプルんシャルムと遊ぼう;3612
TVアニメ『恋愛暴君』 オーディオコメンタリー＜恋愛暴言＞;3603
ANIMAX MUSIX 2017 YOKOHAMA;3601
OVA「スクールランブル一学期補習」;3598
Baby Princess 2Dぱらだいす0(ラブ);3588
アトム ザ・ビギニング;3584
音楽劇｢金色のコルダ　Blue♪Sky　First Stage｣;3583
秘密結社 鷹の爪;3582
ミス・モノクローム－The Animation－;3581
EAT-MAN;3580
鬼斬;3580
超重神グラヴィオン;3574
はぴねす!;3572
太陽の牙ダグラム;3567
七つの美徳;3559
DD北斗の拳2 イチゴ味＋;3549
トリコ;3548
BLUE GENDER;3544
蒼き伝説シュート！;3541
森田さんは無口;3540
舞台 増田こうすけ劇場 ギャグマンガ日和 デラックス風味;3525
STAGE FES 2017;3523
吸血姫美夕(1988);3523
鋼鉄神ジーグ;3519
働きマン;3495
劇場版Strait Jacket;3493
エルフを狩るモノたち FIRST IMPRESSION;3486
ファイ・ブレイン～神のパズル 第2シリーズ;3474
ミュージカル「忍たま乱太郎」第6弾～凶悪なる幻影！～;3446
小公女セーラ;3437
真・恋姫†無双～乙女大乱～;3434
BALDR FORCE EXE RESOLUTION;3426
ビーストウォーズメタルス　超生命体トランスフォーマー;3425
超劇場版 ケロロ軍曹;3424
fripSide LIVE TOUR 2016-2017 FINAL in Saitama Super Arena -Run for the 15th Anniversary-;3392
舞台「四月は君の嘘」;3390
ルパン三世TVSP #13 アルカトラズ コネクション;3368
西の善き魔女 Astraea Testament;3362
乃木坂春香の秘密 ぴゅあれっつぁ♪;3361
カレイドスター　新たなる翼 『笑わない　すごい　お姫様』;3360
ラムネ;3340
K RETURN OF KINGS All in One Edition～Master in 2Hours～;3322
「忍たま乱太郎17シリーズ」第25話～48話;3317
Paradise Kiss;3302
Animelo Summer Live 2006 -OUTRIDE-;3301
劇場版イナズマイレブン 最強軍団オーガ襲来;3298
キディ・ガーランド;3293
D.C.S.S.～ダ・カーポ セカンドシーズン～;3290
カレイドスター　～レイラ・ハミルトン物語～;3289
働くお兄さん！;3285
GJ部＠【日テレオンデマンド】;3275
刀剣乱舞　おっきいこんのすけの刀剣散歩　参;3265
はじめの一歩　OVA　間柴vs木村　死刑執行;3265
VS騎士ラムネ&40 炎;3263
ねこねこ日本史 第２期;3261
ルパンしゃんしぇい;3259
じゃりン子チエ;3254
源氏物語千年紀Genji;3248
超生命体トランスフォーマー ビーストウォーズ・リターンズ;3248
Animelo Summer Live 2008 -Challenge-;3243
ルパン三世TVSP #14 EPISODE：0 ファーストコンタクト;3222
OVA　無責任艦長タイラー;3218
毎度！浦安鉄筋家族;3213
ダンボール戦機;3208
乃木坂春香の秘密 ふぃな～れ♪;3194
BLACK BLOOD BROTHERS;3191
ラブひな　Again;3189
妖怪ウォッチ シャドウサイド;3188
少女革命ウテナ ～白き薔薇のつぼみ～;3184
ルパン三世TVSP #06 燃えよ斬鉄剣;3179
ブラック・ジャック 劇場版;3174
這いよる!ニャルアニ リメンバー・マイ・ラブ(クラフト先生);3162
宇宙海賊キャプテンハーロック;3156
ナゾトキネ;3151
ブラック・ジャック＜OVA＞;3146
舞台「夢王国と眠れる100人の王子様～Prince Theater～」;3140
ピーチガール;3129
宮河家の空腹;3115
ToHeart2;3113
闇芝居 三期;3106
ルパン三世TVSP #22 血の刻印 永遠のmermaid;3104
義風堂々！！ 兼続と慶次;3098
ケンコー全裸系水泳部 ウミショー;3098
PAPUWA;3097
がくえんゆーとぴあ まなびストレート！;3094
舞台「十二大戦」;3093
ふしぎ星の☆ふたご姫Gyu！;3084
闇芝居 二期;3076
精霊使い;3074
この青空に約束を―～ようこそつぐみ寮へ～;3073
くるねこ;3068
ルパン三世TVSP #09 ワルサーＰ３８;3061
超進化ステージ「デジモンアドベンチャー tri.」～８月１日の冒険～;3054
アイカツ！ミュージックアワード　みんなで賞をもらっちゃいまSHOW！;3051
Φなる・あぷろーち;3042
ルパン三世TVSP #12 １＄マネーウォーズ;3040
アイドルメモリーズ;3038
てーきゅう 6期;3038
ルパン三世TVSP #10 炎の記憶 ～Tokyo Crisis～;3038
僕の妹は｢大阪おかん｣;3037
よみがえる空 -RESCUE WINGS-;3037
無責任ギャラクシー☆タイラー;3036
AKB0048;3031
Night Walker -真夜中の探偵-;3024
ルパン三世TVSP #17 天使の策略～夢のカケラは殺しの香り～;3015
神魂合体ゴーダンナー!!;3014
LOVE・LOVE?;3011
喰霊‐零‐ THE LIVE;3005
ノブナガン;3003
花子さんがきた;2991
世界の闇図鑑【闇芝居スピンオフ作品】;2984
映画魔法つかいプリキュア！奇跡の変身！キュアモフルン！ ;2974
Cutie Honey Universe;2968
この男子、魔法がお仕事です。;2966
ルパン三世TVSP #21 the Last Job;2965
鷹の爪 NEO;2962
ルパン三世TVSP #15 お宝返却大作戦!!;2956
無責任艦長タイラー特別編　ひとりぼっちの戦争;2947
高宮なすのです！～てーきゅうスピンオフ～;2939
映画ハートキャッチプリキュア！花の都でファッションショー…ですか!?;2939
メガネブ！;2936
黒田崇矢のかかってこんかい！with増田俊樹;2920
Animelo Summer Live 2007 -Generation-A-;2917
BUZZER BEATER;2914
双恋;2901
OVA『ToHeart2ad』;2895
ルパン三世TVSP #07 ハリマオの財宝を追え！！;2893
未来警察ウラシマン;2886
赤毛のアン;2879
舞台『DIABOLIK LOVERS～re:requiem～』;2879
キューティーハニー;2876
てーきゅう 4期;2872
てーきゅう 5期;2871
映画プリキュアオールスターズ みんなで歌う♪奇跡の魔法！;2870
疾風!アイアンリーガー;2864
｢エル・カザド｣;2864
てーきゅう 7期;2860
三国志;2852
キャッツ・アイ 2nd season;2851
ドラゴンボール　エピソードオブバーダック;2848
森田さんは無口。2;2846
ルパン三世TVSP #08 トワイライト☆ジェミニの秘密;2846
ルパン三世TVSP #05 ルパン暗殺指令;2843
まほらば～Heartful days;2841
ブラック・ジャック21;2834
劇場版イナズマイレブンＧＯ　究極の絆 グリフォン;2831
チーズスイートホーム;2831
無責任艦長タイラー 地上より永遠に;2811
ルパン三世TVSP #11 愛のダ・カーポ ～ＦＵＪＩＫＯ's Ｕnlucky Ｄays～;2810
映画プリキュアオールスターズNewStage2 こころのともだち;2808
ルパン三世TVSP #03 ナポレオンの辞書を奪え;2797
銀牙伝説WEED（ウィード）;2795
ルパン三世TVSP #02 ヘミングウェイ・ペーパーの謎;2793
超劇場版ケロロ軍曹2　深海のプリンセスであります！;2792
AKB0048 nextstage;2790
映画ふたりはプリキュアＭａｘＨｅａｒｔ2　雪空のともだち;2788
にゃんぼー！;2785
劇場版イナズマイレブンGO vs ダンボール戦機W;2781
映画ふたりはプリキュアＭａｘＨｅａｒｔ;2781
風雲維新ダイ☆ショーグン;2773
劇場版プリパラみ～んなでかがやけ！キラリン☆スターライブ！- らぁらのコース;2768
映画プリキュアオールスターズ 春のカーニバル♪;2766
いっぽう日本昔ばなし;2762
キャシャーンSins;2761
ルパン三世TVSP #20 sweet lost night 〜魔法のランプは悪夢の予感〜;2760
光と水のダフネ;2759
ルパン三世TVSP #16 盗まれたルパン～コピーキャットは真夏の蝶～;2756
ドラゴンボール　超サイヤ人絶滅計画;2754
劇場版 戦国BASARA -The Last Party-;2739
ルパン三世TVSP #18 セブンデイズ・ラプソディ;2736
はじめの一歩　TVスペシャル　～Champion Road～;2733
三つ目がとおる;2727
スケッチブック～full color’s～;2725
ほら、耳がみえてるよ！;2722
メガゾーン23;2722
絶対衝激～PLATONIC HEART～;2718
映画プリキュアオールスターズNewStage みらいのともだち;2713
OZMAFIA!!;2712
KITE LIBERATOR;2711
超劇場版ケロロ軍曹 誕生！究極ケロロ 奇跡の時空島であります!!;2706
超重神グラヴィオンツヴァイ;2704
円盤皇女ワるきゅーレ;2703
機動戦士Ｖガンダム;2700
猫のダヤン;2698
BUS GAMER;2690
まめねこ;2688
映画プリキュアオールスターズDX3 未来にとどけ！ 世界をつなぐ☆虹色の花;2685
ストリートファイターII V;2669
アラド戦記 ～スラップアップパーティー～;2668
浦和の調ちゃん;2664
ミュージカル「ヘタリア～in the new world～」東京大千秋楽版;2664
ミュージカル『テニスの王子様』The Treasure Match 四天宝寺 feat. 氷帝 Ver.青学（せいがく）4代目VS四天宝寺A;2662
ルパン三世TVSP #04 ロシアより愛をこめて;2660
映画プリキュアオールスターズNewStage3 永遠のともだち;2656
ミュージカル『テニスの王子様』Absolute King 立海 feat. 六角 ～First Service;2648
不思議の国の美幸ちゃん;2647
超劇場版ケロロ軍曹3　ケロロ対ケロロ 天空大決戦であります！;2632
みかん絵日記;2629
ルパン三世TVSP #19 霧のエリューシヴ;2628
くるねこ 新シーズン;2624
映画プリキュアオールスターズDX2 希望の光☆レインボージュエルを守れ！;2620
 「TSUKIPRO THE ANIMATION」dアニメストア特別映像特典;2618
バスカッシュ！;2612
映画プリキュアオールスターズＤＸ みんなともだちっ☆奇跡の全員大集合！;2608
映画あたしンち;2605
映画Ｙｅｓ！プリキュア５ 鏡の国のミラクル大冒険！;2598
劇場版 「ドラゴンボール 神龍の伝説」;2598
うーさーのその日暮らし;2596
闇芝居 四期;2591
影鰐-KAGEWANI-;2587
洲崎西　THE ANIMATION;2586
カードファイト!! ヴァンガード;2584
H2O ～FOOTPRINTS IN THE SAND～;2583
_summer;2581
映画Ｙｅｓ！プリキュア５ＧｏＧｏ！ お菓子の国のハッピーバースディ♪;2577
ここはグリーン・ウッド;2573
學蘭歌劇『帝一の國』－大海帝祭－;2544
牙狼-紅蓮ノ月-;2543
わが青春のアルカディア無限軌道ＳＳＸ;2542
劇場版サイレントメビウス2;2540
うさかめ;2539
てーきゅう 2期;2535
侍霊演武：将星乱(ソウルバスター：しょうせいらん);2533
茄子 スーツケースの渡り鳥;2529
不思議なソメラちゃん;2520
野良スコ;2517
ブラック・ジャック ＜オリジナルアニメ＞;2516
“文学少女” メモワールI 夢見る少女の前奏曲(プレリュード)-;2514
てーきゅう 3期;2513
銀河旋風ブライガー;2511
つよきす Cool×Sweet;2510
パーマン;2504
ストリートファイターII MOVIE;2503
フタコイ オルタナティブ;2498
VS騎士ラムネ&40FRESH;2497
舞台「パタリロ！」★スターダスト計画★;2489
カイバ;2487
せいぜいがんばれ！魔法少女くるみ（第2期）;2485
魔法少女大戦;2484
魔法のプリンセス ミンキーモモ;2483
劇場版あたしンち｢情熱のちょ～超能力♪ 母大暴走！｣;2482
ななついろ★ドロップス;2478
機甲創世記モスピーダ;2472
｢リコーダーとランドセル レ♪｣;2471
映画ドキドキ！プリキュア マナ結婚!!? 未来につなぐ希望のドレス;2468
映画スマイルプリキュア！絵本の中はみんなチグハグ！;2463
北斗の拳 ラオウ外伝 天の覇王;2461
スナックワールド;2453
働くお兄さん！の２！;2452
秘密結社 鷹の爪 MAX;2450
内田彩 Hello! My Music ～COLORS～;2444
劇場版 「ドラゴンボールＺ 燃えつきろ！！熱戦・烈戦・超激戦」;2440
東京魔人學園剣風帖 龍龍 第弐幕;2439
B’T X;2436
うーさーのその日暮らし 覚醒編;2431
真救世主伝説 北斗の拳　ZERO ケンシロウ伝;2426
この男子、宇宙人と戦えます。～僕らのセカイのまもり方～;2421
パタリロ！　スターダスト計画;2416
銀河鉄道物語 ～永遠への分岐点～;2409
この男子、人魚ひろいました。;2408
OVA ToHeart2;2406
劇場版 「ドラゴンボールＺ 復活のフュージョン！！悟空とベジータ」;2406
劇場版 「ドラゴンボールＺ 危険なふたり！超戦士はねむれない」;2403
真救世主伝説 北斗の拳　ラオウ伝 殉愛の章;2398
くじびきアンバランス;2364
ちるらん にぶんの壱;2363
七人のナナ;2361
映画Go！プリンセスプリキュアGo！Go！！豪華3本立て！！！;2354
OVA『ToHeart2ダンジョントラベラーズ』;2347
影鰐-KAGEWANI-承;2343
ミュージカル「Dance with Devils～Fermata（フェルマータ）～」;2343
あらいぐまラスカル;2341
うーさーのその日暮らし 夢幻編;2341
どろろ;2341
あおおに　～じ・あにめぇしょん～;2338
マシンロボ クロノスの大逆襲;2333
宇宙船サジタリウス;2332
映画ふたりはプリキュアＳｐｌａｓｈ☆Ｓｔａｒ チクタク危機一髪！;2325
探偵オペラ ミルキィホームズ Alternative ONE ～小林オペラと５枚の絵画～;2323
PARASITE DOLLS;2322
わが青春のアルカディア;2321
あしたのジョー２;2313
伝説の勇者ダ・ガーン;2309
カクレンボ;2307
探偵オペラ ミルキィホームズ Alternative TWO -小林オペラと虚空の大鴉-;2304
ブラック・ジャック スペシャル～命をめぐる4つの奇跡～;2303
こちら葛飾区亀有公園前派出所THE MOVIE　もう、誰もわしを止められん！;2301
秘密結社 鷹の爪 カウントダウン;2299
真救世主伝説 北斗の拳　ラオウ伝 激闘の章;2294
おぼっちゃまくん;2292
マイマイ新子と千年の魔法;2292
ミュージカル『テニスの王子様』Absolute King 立海 feat. 六角 ～Second Service;2290
チーズスイートホーム あたらしいおうち;2288
マージナルプリンス～月桂樹の王子達～;2285
ブラック・ジャック ふたりの黒い医者;2267
ミュージカル『テニスの王子様』コンサート Dream Live 4th;2266
ガラスの艦隊;2264
真救世主伝説 北斗の拳　ユリア伝;2263
舞台『DIABOLIK LOVERS MORE,BLOOD』;2255
牙狼＜GARO＞－DIVINE FLAME－;2253
舞台(ステージ)｢不機嫌なモノノケ庵｣;2250
夏のあらし！～春夏冬中～;2249
真救世主伝説 北斗の拳　トキ伝;2244
エルフを狩るモノたち SECOND IMPRESSION;2241
機動新撰組 萌えよ剣TV;2235
パズドラクロス;2229
キャプテン;2228
劇場版　フランダースの犬;2228
機甲界ガリアン;2227
まいっちんぐマチコ先生;2223
秘密結社　鷹の爪DO;2219
ファンタジックチルドレン;2216
神魂合体ゴーダンナー!! SECOND SEASON;2215
無敵鋼人ダイターン３;2215
吉永さん家のガーゴイル;2208
怪盗ジョーカー／怪盗ジョーカー シーズン２;2207
火の鳥 羽衣編;2204
fripSide 15th Anniversary Tour 2017-2018 “crossroads”;2201
TVアニメーション　下級生;2192
下級生2　～瞳の中の少女たち～;2191
キディ・グレイド -イグニッション-(覚醒篇);2190
劇場版 「ドラゴンボールＺ とびっきりの最強対最強」;2190
ばなにゃ;2184
GIRLSブラボー second season;2177
ミス・モノクローム -The Animation- 3;2177
ToHeart Remember my memories;2170
ケメコデラックス!;2169
ブラック・ジャック 空からきた子ども;2168
IZUMO　猛き剣の閃記;2165
快盗天使ツインエンジェル～キュンキュン☆ときめきパラダイス!!～;2162
破邪大星ダンガイオー;2157
スプーンおばさん;2153
映画スイートプリキュア♪とりもどせ！ 心がつなぐ奇跡のメロディ♪;2152
キディ・グレイド -メイルシュトローム-(氾濫篇);2149
宇宙少女 俺ミス;2146
こちら葛飾区亀有公園前派出所THE MOVIE2  UFOの襲来！　トルネード大作戦！！;2139
らいむいろ戦奇譚;2137
『けものフレンズ』 ジャパリバスツアー ぐんまちほー行き;2135
NG騎士ラムネ&40EX ビクビクトライアングル愛の嵐大作戦;2130
銀河へキックオフ;2121
山賊の娘ローニャ;2113
えびてん 公立海老栖川高校天悶部;2111
月面兎兵器ミーナ;2108
あまえないでよっ!!喝!!;2104
映画フレッシュプリキュア！ おもちゃの国は秘密がいっぱい!?;2099
劇場版 「ドラゴンボールＺ」;2098
メガゾーン23 PART II 秘密く・だ・さ・い;2096
超劇場版ケロロ軍曹　撃侵ドラゴンウォリアーズであります！;2083
Cosmic Baton Girl コメットさん☆;2075
キディ・グレイド -トゥルースドーン-(黎明篇);2070
劇場版 「ドラゴンボールＺ 龍拳爆発！！悟空がやらねば誰がやる」;2064
DD北斗の拳;2064
バビル2世;2059
新・湘南爆走族 荒くれKNIGHT;2054
Yoshino Nanjo Live Tour 2017 <・R・i・n・g・>;2051
星空キセキ;2043
シスター・プリンセス Re Pure キャラクターズ;2041
NG騎士ラムネ&40DX ワクワク時空 炎の大捜査戦;2041
タイムボカン24 ;2034
ミス・モノクローム -The Animation- 2;2034
聖少女艦隊　バージンフリート;2029
太陽の勇者ファイバード;2028
秘密結社 鷹の爪 EX;2023
シスター・プリンセス Re Pure ストーリーズ;2018
戦え!超ロボット生命体 トランスフォーマー;2015
はだしのゲン;2015
おかしなガムボール;2013
こちら葛飾区亀有公園前派出所 噂の海パン刑事登場／ハイパー小学生VS両津／部長よ！あれがパリの灯だ／激突！神VS両津;2011
秘密結社 鷹の爪  THE MOVIE～総統は二度死ぬ～;2009
MAMI KAWADA FINAL F∀N FESTIVAL “F”;2001
劇場版 「ドラゴンボールＺ 激突！！１００億パワーの戦士たち」;1998
ヘボット！;1997
ヤッターマン;1996
やんやんマチコ;1995
映画ハピネスチャージプリキュア！人形の国のバレリーナ;1993
“文学少女”メモワールIII 恋する乙女の狂想曲(ラプソディ)-;1993
勇者エクスカイザー;1992
うみものがたり～あなたがいてくれたコト～;1990
劇場版 「ドラゴンボールＺ 超戦士撃破！！勝つのはオレだ」;1987
Gift ～eternal rainbow～;1986
angela デビュー13周年記念☆拡大版｢全部が主題歌ライヴ！！｣;1971
小野坂・小西のO+K 2.5次元 アニメーション 1 ～これが2.5次元化だ!!～;1969
超獣機神ダンクーガ 失われた者たちへの鎮魂歌;1967
GR-GIANT ROBO;1965
劇場版 「ドラゴンボールＺ 銀河ギリギリ！！ぶっちぎりの凄い奴」;1965
OVA 『ToHeart2 adnext』;1964
こわぼん;1959
Genius Party;1959
アフロサムライ;1954
ハイスクールミステリー学園七不思議;1952
闇芝居 五期;1943
THE八犬伝;1941
OVA 『ToHeart2 adplus』;1941
ペリーヌ物語;1940
劇場版プリパラみ～んなでかがやけ！キラリン☆スターライブ！- みれぃのコース;1936
へっぽこ実験アニメーション｢エクセル・サーガ｣;1935
戦国魔神ゴーショーグン;1934
ぼくらベアベアーズ;1928
マジンガーＺ対デビルマン;1928
朝霧の巫女;1926
宇宙海賊キャプテン・ハーロック　アルカディア号の謎;1925
ＧＯ！ＧＯ！５７５;1924
少年アシベ　ＧＯ！ＧＯ！ゴマちゃん　第2シリーズ;1921
ザ・サード～蒼い瞳の少女～;1916
しばいぬ子さん;1915
フランダースの犬;1915
うぇいくあっぷがーるＺＯＯ！;1913
｢HAPPY☆LESSON｣ THE TV;1913
ゲートキーパーズ21;1912
GOLDEN BOY-ゴールデンボーイ-　さすらいのお勉強野郎;1907
学校のコワイうわさ 新・花子さんがきた!!;1907
次篇降臨！ベルセルクTVシリーズ第2期スタート記念ウラ特番;1898
ガラスの仮面(1984年版);1893
こちら葛飾区亀有公園前派出所 両さんアメリカへ行く;1889
劇場版プリパラみ～んなでかがやけ！キラリン☆スターライブ！- ひびきのコース;1886
劇場版 「ドラゴンボール 最強への道」;1882
ブラック・ジャック＜Flashアニメ＞;1878
劇場版 「ドラゴンボールＺ 極限バトル！！三大超サイヤ人」;1869
リボンの騎士;1867
こちら葛飾区亀有公園前派出所 大ハード！両津勘吉は二度死ぬ;1866
超獣機神ダンクーガ 白熱の終章;1864
秘密結社 鷹の爪  THE MOVIE III～http://鷹の爪.jpは永遠に～;1861
忍者ハットリくん;1859
堀江由衣　クリスマスライブ　～由衣がサンタに着がえたら～;1858
アジール・セッション;1855
こちら葛飾区亀有公園前派出所 最も危険なサバイバル！？;1855
ジャイアント・ロボ THE ANIMATION 外伝 銀鈴 GinRei　鉄腕GinRei Epidode.23 禁断の果実を奪還せよ 極楽大作戦！！;1851
戦え!! イクサー1;1850
タマ＆フレンズ～うちのタマ知りませんか？～;1845
忘却の旋律;1840
かみさまみならい ヒミツのここたま（第53回～）;1839
ついでにとんちんかん;1835
こみっくパーティー;1833
探偵チームＫＺ（カッズ）事件ノート;1833
超獣機神ダンクーガ GOD BLESS DANCOUGA;1822
こちら葛飾区亀有公園前派出所 湯けむりポロリ！２００１年・京都の旅;1819
ドージンワーク;1811
こちら葛飾区亀有公園前派出所 バカンスは激しいのがお好き;1809
秘密結社 鷹の爪  THE MOVIE II～私を愛した黒烏龍茶～;1808
小野坂・小西のO+K 2.5次元 アニメーション 2 ～もっと2.5次元化！～;1804
EAT-MAN’98;1803
同級生2 テレビ編集版;1801
ねこねこ日本史 第3期;1796
天才バカヴォン～蘇るフランダースの犬～;1794
カードファイト!! ヴァンガード　アジアサーキット編;1791
劇場版 「ドラゴンボールＺ 地球まるごと超決戦」;1783
ジャイアント・ロボ THE ANIMATION 外伝 銀鈴 GinRei  素足のGinRei Episode.1 盗まれた戦闘チャイナを捜せ大作戦！！;1782
gdgd妖精s（ぐだぐだフェアリーズ）第1期;1777
ジャイアント・ロボ THE ANIMATION 外伝 銀鈴 GinRei  青い瞳の銀鈴 GinRei with blue eyes;1776
“文学少女”メモワールII ソラ舞う天使の鎮魂曲(レクイエム)-;1776
Live Musical「SHOW BY ROCK!!」～THE FES II-Thousand XVII～【Genesis】;1772
平成天才バカボン;1771
きょ～ふ！ゾンビ猫;1770
錬金3級まじかる?ぽか～ん;1765
イナズマデリバリー;1757
鷹の爪 THE MOVIE 4 ～カスペルスキーを持つ男～;1745
新白雪姫伝説プリーティア;1744
こちら葛飾区亀有公園前派出所 両津の野望！タイムスリップ戦国伝;1737
舞台 増田こうすけ劇場 ギャグマンガ日和 ～奥の細道、地獄のランウェイ編～;1732
おじゃる丸放送20年セレクション;1731
｢学校のコワイうわさ 新・花子さんがきた!!｣シーズン2;1729
バブルガムクライシス;1729
TO BE HERO;1717
はなかっぱ;1711
OH!スーパーミルクチャン;1709
レ・ミゼラブル　少女コゼット;1706
闇芝居 六期;1702
キュートランスフォーマー　帰ってきたコンボイの謎;1698
科学忍者隊ガッチャマン;1696
怪獣娘（第2期）～ウルトラ怪獣擬人化計画～;1686
劇場版 「ドラゴンボールＺ この世で一番強いヤツ」;1686
宇宙の騎士テッカマン;1685
BLUE GENDER THE WARRIOR;1684
母をたずねて三千里;1683
三国志 II 「天翔ける英雄たち」;1682
こちら葛飾区亀有公園前派出所 大ハード2！史上最低の決戦;1681
ZIP!～朝だよ！貝社員～;1681
迷宮物語;1679
NG騎士ラムネ&40総集編;1678
【緊急特番】霊剣山　星屑たちの前夜祭;1674
ONE～輝く季節へ～;1672
奏光のストレイン;1670
勇者指令ダグオン 水晶の瞳の少年;1653
Live Musical「SHOW BY ROCK!!」～THE FES II-Thousand XVII～【Destiny】（千秋楽公演）;1652
スーパーミルクちゃん;1648
ゆるめいつ;1644
こちら葛飾区亀有公園前派出所 両さん最大の危機！ライバルはチャキチャキ江戸っ娘／二十一世紀だよ！祝い隊参上;1641
鍵姫物語 永久アリス輪舞曲;1636
グレートマジンガー対ゲッターロボ;1633
プリンセスナイン 如月女子高野球部;1632
劇場版 「ドラゴンボールＺ 超サイヤ人だ孫悟空」;1626
こみっくパーティRevolution;1618
月は東に日は西に　～Operation Sanctuary～;1614
あはれ!名作くん;1613
ASTROBOY 鉄腕アトム;1613
ふしぎなメルモ;1613
NBCUniversal ANIME×MUSIC FESTIVAL ～25th ANNIVERSARY～;1612
銀河烈風バクシンガー;1612
ちょこッとSister;1611
ひとひら;1611
こちら葛飾区亀有公園前派出所 擬宝珠家ご一行様INハワイアン大パニック;1599
超速変形ジャイロゼッター;1599
私のあしながおじさん;1599
小さな巨人 ミクロマン;1589
Hi☆sCoool! セハガール;1588
こちら葛飾区亀有公園前派出所 両津VS忍者軍団！裏江戸城黄金伝説;1583
ミュージカル『テニスの王子様』The Treasure Match 四天宝寺 feat. 氷帝 Ver.青学（せいがく）5代目VS四天宝寺B;1583
Canvas2～虹色のスケッチ～[TVシリーズ];1576
こちら葛飾区亀有公園前派出所 ヨーロッパ横断！麗子救出大作戦;1573
ラブ米 二期作;1569
俺たちゃ妖怪人間;1568
怪物くん;1565
病み・病みヤングパラダイス in 東京;1563
おにいさまへ・・・;1560
男水！～俺たちの青春～キャストインタビュー特別映像;1557
愛の若草物語;1554
宇宙戦士 バルディオス;1549
破裏拳ポリマー;1548
こちら葛飾区亀有公園前派出所 世界ナンバーワンポリス決定戦！;1544
こちら葛飾区亀有公園前派出所 オドロキモモノキ島の大決戦;1542
愛少女ポリアンナ物語;1538
がぁ～でぃあんHearts;1538
Peeping Life TV シーズン 1 ??;1532
シックス・エンジェルズ;1531
ふしぎな島のフローネ;1531
超中野大陸の逆襲　群星の巻;1529
まかでみ・WAっしょい!;1506
こちら葛飾区亀有公園前派出所 レッツゴー長崎！恋しぐれトラック姉ちゃん;1504
新造人間キャシャーン;1504
グレネーダー ほほえみの閃士;1502
ふなっしーのふなふなふな日和;1485
青空少女隊;1484
まじかるカナン;1484
Di Gi Charat 星の旅;1482
タイムボカンシリーズ　ヤッターマン;1481
ピーターパンの冒険;1477
陸上防衛隊まおちゃん;1476
GANTZ:L;1475
プロジェクトA子;1474
ご姉弟物語;1458
劇場版 「ドラゴンボール 魔神城のねむり姫」;1458
智一＆勝平の落語放浪記;1453
北へ。～Diamond Dust Drops～;1451
銀河疾風サスライガー;1450
時空の旅人;1448
風の大陸 The Weathering Continent;1446
劇場版 「ドラゴンボール 摩訶不思議大冒険」;1441
らいむいろ戦奇譚　南国夢浪漫;1432
宇宙皇子(劇場版)(地上編);1428
こいこい7;1425
"南條愛乃 LIVE TOUR 2016""N""";1425
ミュージカル『テニスの王子様』The Final Match 立海 Second feat. The Rivals;1424
エイリアン9;1422
カムイの剣;1417
超音戦士 ボーグマン;1417
ポヨポヨ観察日記;1417
ミュージカル『テニスの王子様』The Final Match 立海 First feat. 四天宝寺;1413
ニルスのふしぎな旅;1410
アタゴオルは猫の森;1406
円盤皇女ワるきゅーレSPECIAL ｢七転八倒 花嫁修行｣;1400
放送開始直前特番「けものだらけの新春！サマーパーティー」;1399
忍たま乱太郎の宇宙大冒険withコズミックフロント☆NEXT;1399
幻魔大戦　－神話前夜の章－;1394
Genius Party Beyond;1389
ジャングル大帝 （1989）;1381
魔法のプリンセス ミンキーモモ ‐夢を抱きしめて‐;1381
フューチャーカード　バディファイトX;1380
ミュージカル『テニスの王子様』コンサート Dream Live 6th;1379
超ロボット生命体 トランスフォーマー プライム;1372
HAPPY☆LESSON ADVANCE;1367
ダイバージェンス・イヴ;1363
宗谷物語;1357
HAPPY☆LESSON THE FINAL;1356
sin in the rain;1355
ヴァリアブル・ジオ;1351
フューチャーカード バディファイト;1350
ロケットガール;1348
TIME DRIVER 僕らが描いた未来;1344
マジンガーＺ対暗黒大将軍;1344
gdgd妖精s(ぐだぐだフェアリーーズ);1338
フィギュア17　つばさ＆ヒカル;1337
犬小屋ちゃんねる;1333
魔法少女？ なりあ☆がーるず;1333
夏色の砂時計;1330
HAPPY☆LESSON (OVA);1329
タイムボカンシリーズ　逆転イッパツマン;1323
ど根性ガエル;1320
なめこ家の一族;1320
円盤皇女ワるきゅーレ　十二月の夜想曲;1318
堀江由衣ベストライブ～由衣と時間泥棒～;1314
YURIKA ENDO FINAL LIVE-Emotional Daybreak-;1311
円盤皇女ワるきゅーレ 星霊節の花嫁;1308
戦え!超ロボット生命体 トランスフォーマー 2010;1303
鉄腕アトム（1980）;1300
火魅子伝;1298
「住めば都のコスモス荘　すっとこ大戦ドッコイダー」;1297
家なき子レミ;1290
円盤皇女ワるきゅーレ　時と夢と銀河の宴;1283
銀装騎攻オーディアン;1282
ココロ図書館;1278
フューチャーカード バディファイトDDD;1278
戦え！超ロボット生命体　トランスフォーマーＶ;1270
山ねずみロッキーチャック;1267
3ねんDぐみガラスの仮面;1262
プレイボール;1252
トム・ソーヤーの冒険;1247
グレートマジンガー対ゲッターロボＧ　空中大激突;1244
RED GARDEN;1242
Peeping Life(ピーピング・ライフ)-The Perfect Edition-;1241
特装機兵ドルバック;1240
フューチャーカード バディファイト１００（ハンドレッド）;1240
キャプテン(キャプテン 劇場版);1233
東京マーブルチョコレート～全力少年～;1233
同級生２Special 卒業生;1224
タイムボカン 逆襲の三悪人;1221
はじまりの冒険者たち～レジェンド・オブ・クリスタニア～;1216
らいむいろ流奇譚 X CROSS ～恋、オシヘテクダサイ。～;1213
みさきクロニクル～ダイバージェンス・イヴ～;1212
天才！カラーズTV;1198
白鯨伝説;1198
トランスフォーマー ザ☆ヘッドマスターズ;1196
堀江由衣をめぐる冒険 II ～武道館で舞踏会～ Q&A;1196
トランスフォーマー 超神マスターフォース;1186
バトルスピリッツ 少年突破バシン;1180
魔王ダンテ;1180
ソニック・ザ・ヘッジホッグ;1178
グレンダイザーゲッターロボＧグレートマジンガー　決戦！大海獣;1175
劇場版 MARCO 母をたずねて三千里;1175
Wind -a breath of heart-;1174
アイドル天使 ようこそようこ;1169
超獣機神ダンクーガ Song Special 獣戦機隊Songs;1168
若草物語　ナンとジョー先生;1168
毎日かあさん　第1話～第63話;1163
Dragon’s Heaven;1162
Live Musical「SHOW BY ROCK!!」―深淵のCrossAmbivalence―;1161
ＵＦＯロボ　グレンダイザー対グレートマジンガー;1158
Piaキャロットへようこそ!!2 DX;1155
マッハGoGoGo;1155
こぴはん;1146
Yoshino Nanjo 1st LIVE TOKYO 1/3650 ミンナとつながる365日×???;1143
HAUNTEDじゃんくしょん;1143
戦国英雄伝説　新釈 眞田十勇士;1134
なめこ～せかいのともだち～;1116
古墳ギャルのコフィー;1114
UG★アルティメットガール;1110
私立らいよん学園;1106
RAYVE2016 FINAL ～Wonder Little Trip～;1106
angelaのミュージック・ワンダー★大サーカス5th ～蒼穹のファフナー まるごと全曲ライヴ！！～;1101
サイキックアカデミー 煌羅万象;1100
A.D.POLICE;1096
トラップ一家物語;1094
アフロサムライ:レザレクション;1091
プレイボール 2nd;1091
亜空大作戦スラングル;1086
プロゴルファー猿;1083
モンハン日記 ぎりぎりアイルー村G;1079
リボンの騎士 ＜オリジナルアニメ＞;1078
マップス;1076
超攻速ガルビオン;1075
angelaの｢デビュー10周年まであと1年記念☆全部が主題歌ライヴ！！｣;1074
超変身コス∞プレイヤー;1074
ちとせげっちゅ！！;1073
Refrain Blue;1073
コスモウォーリアー零;1071
ASTROBOY 鉄腕アトム ～特別編：アトム誕生の秘密～;1071
魔境伝説アクロバンチ;1071
ゆとりちゃん;1069
宇宙戦士バルディオス(劇場版);1063
忍たま乱太郎の宇宙大冒険withコズミックフロント☆NEXT　第2シーズン;1055
ASTROBOY 鉄腕アトム 特別編：輝ける地球 ～あなたは青く、美しい…～;1054
Peeping Life ―手塚プロ・タツノコプロ ワンダーランド―;1054
堀江由衣をめぐる冒険 IV ～パイレーツ・オブ・ユイ3013～;1052
angelaの｢ミュージック・ワンダー★大サーカス2015～10th Anniversary～｣;1049
ぴーひょろ一家;1043
ガンフロンティア;1040
小公子セディ;1040
Peeping Life (ピーピング・ライフ)-The Perfect Evolution-;1039
シートン動物記;1035
堀江由衣をめぐる冒険 III ～Secret Mission Tour～;1034
angela live in Shibuya-AX a列車で行こう！全曲ライブ！！;1027
まけるな!! あくのぐんだん！;1022
Peeping Lifex怪獣酒場　かいじゅうたちがいるところ;1010
猫のダヤン　ふしぎ劇場;1006
パンツァードラグーン;1006
はだしのゲン2;1003
Ninja者;1000
機巧奇傳ヒヲウ戦記;1000
舞台「文豪ストレイドッグス 黒の時代」公演記念キャスト生出演特番;998
タイムボカン;991
Ｗ ～ウィッシュ～;990
angelaのミュージック・ワンダー★特大サーカス in 日本武道館 ～僕等は目指したShangri-La～;989
Peeping Life(ピーピング・ライフ)-The Perfect Extension-;989
うさぎちゃんでCue！！;986
デッドガールズ;986
gdメン gdgd men's party;985
Peeping Life(ピーピング・ライフ)-The Perfect Emotion-;985
かみさまみならい ヒミツのここたま（第103回～）;979
マシンロボ クロノスの大逆襲｢戦場の記憶｣;979
Peeping Life - WORLD HISTORY -;978
がぁ～でぃあんHearts　ぱわーあっぷ;965
特装機兵ドルバック(OVA);965
OVA　Wind ―a breath of heart―;963
Peeping Life-WE ARE THE HERO-;963
アイドル伝説 えり子;961
ゲームセンターあらし;961
MINKY MOMO in 夢にかける橋;959
パンパカパンツ　おNEW！;956
名犬ラッシー;956
猫のダヤン　日本へ行く;955
Peeping Life (ピーピング・ライフ) 5.0.ch;953
ミリオンドール;953
鉄腕アトム ～地球最後の日～;941
みんな集まれ！ファルコム学園;937
Peeping Life (ピーピング・ライフ) The Perfect Explosion;934
神世紀伝　マーズ;931
召しませロードス島戦記～それっておいしいの？～;929
ワイルド7 another 謀略運河;928
落語天女おゆい;924
トランスフォーマー ザ・リバース;921
メタルスキンパニック MADOX-01;920
小さなバイキング ビッケ<前半>;919
ママはぽよぽよザウルスがお好き;919
キラキラハッピー★ ひらけ！ここたま;918
チャギントン（シーズン1）;916
ジオブリーダーズ　File-X 　ちびねこ奪還;914
Fairy Princess Minky Momo 夢の中の輪舞;913
牧場の少女カトリ;909
超音戦士ボーグマン Lovers Rain;906
あしたへフリーキック;904
ASTROBOY 鉄腕アトム 特別編：イワンの惑星 ～ロボットと人間の友情～;903
猫ラーメン(ショートアニメ);901
ゆるめいつ は？;899
MINKY MOMO in 旅立ちの駅;893
ゆるめいつ 3でぃ;887
みんな集まれ！ファルコム学園SC;885
カミワザ・ワンダ;882
BURN-UP EXCESS バーンナップ エクセス;882
トランスフォーマー アニメイテッド;877
魔獣戦線 The Apocalypse;871
ジャングル大帝＜オリジナルアニメ＞;868
D4プリンセス;867
戦国魔神 ゴーショーグン(TV総集編);864
お茶犬～ちょこっとものがたり～;859
黒崎真音 LIVE 2015～5th Anniversary～;850
戦ー少女イクセリオン;847
ＴＶアニメ版 ゆるめいつ ３でぃ PLUS;845
BURN-UP SCRAMBLE;839
スペースバグ;838
モエかん THE　ANIMATION;837
劇場アニメ　どーにゃつ;833
星の王子さま プチ★プランス;829
RIDING BEAN;823
大きい１年生と小さな２年生;822
カナリア;821
つるピカハゲ丸くん;818
アストロガンガー;817
超神姫ダンガイザー3;816
劇場版　ニルスのふしぎな旅;813
ミュージカル『テニスの王子様』コンサート Dream Live 7th;810
超音戦士ボーグマン2 -新世紀2058-;810
桃屋×Peeping Life　ご縁ですよ！;809
探検ドリランド(第１期);805
ジャスティーン;799
ジオブリーダーズ／魍魎遊撃隊２ Ｆｉｌｅ－ＸＸ“乱戦突破”;796
タイムボカンシリーズ　ゼンダマン;790
旅街レイトショー;790
タイムボカンシリーズ　ヤットデタマン;789
あかほり外道アワーらぶげ;781
プロジェクトA子 完結編;771
Goshogun In 時の異邦人(エトランゼ);768
BURN-UP　バーンナップ;767
花の魔法使い マリーベル;766
南條愛乃 Birthday Acoustic Live 2018;765
レイナ剣狼伝説I;764
ガイストクラッシャー;762
BURN-UP W　バーンナップ ダブル;753
スーパーヅガン;747
よなよなペンギン;747
こんにちは アン　～Before Green Gables;745
ミンキーモモ SONG スペシャル 瞳の星座;729
竜機伝承;727
鉄腕アトム 青騎士の巻;726
プロジェクトA子2 大徳寺財閥の陰謀;725
妄想科学シリーズ ワンダバスタイル;722
レレレの天才バカボン;722
タイムボカンシリーズ　タイムパトロール隊オタスケマン;720
ヒットをねらえ！;720
パズドラ;718
創世機士ガイアース;717
タトゥーンマスター;716
ProjectBLUE 地球SOS;715
マーズ;715
異世界魔王と芹澤優と和氣あず未 クライマックス直前直後特番　-マジで最終回も来るとはな-;714
ポルフィの長い旅;710
宇宙円盤大戦争;704
エンゼルコップ;704
The Borgman Last battle;704
お茶犬～「ほっ」とものがたり～;702
マシンロボ ぶっちぎりバトルハッカーズ;700
プロジェクトA子3 シンデレララプソディ;698
南の虹のルーシー;686
東京マーブルチョコレート シネマヴァージョン;685
きもしば;684
バトルスピリッツ 少年激覇ダン;679
everying！ Final Fantasia-Show 2017 ～Lesson3 輝く未来へ～;678
けものとチャット;674
はなれ砦のヨナ;674
レゴ ニンジャゴー;674
パルムの樹;673
魔法のエンジェル スイートミント;670
お茶犬～緑っとものがたり～;663
「angela Live Tour 2016「LOVE ＆ CARNIVAL」」メイキング映像;661
BAR 嫌われ野菜;656
W3;654
アルプス物語　わたしのアンネット;653
タイムボカン　2000　怪盗きらめきマン;653
大草原の小さな天使　ブッシュベイビー;653
悟空の大冒険;650
暗闇三太;643
クレーンゲール;643
難波金融伝ミナミの帝王 アニメバージョン;639
探検ドリランド-1000年の真宝-;637
レゴ ネックスナイツ;632
教えて!土管くん;611
シークエンス;611
ピカイア！;610
ちとせげっちゅ！！ 二時限目;607
パンパカパンツ　WおＮＥＷ！;605
STARLIGHT SCRAMBLE 恋愛候補生;587
タイムボカンシリーズ イタダキマン;586
アイドルプロジェクト;580
ピコ太郎のララバイラーラバイ;578
おいら宇宙の探鉱夫;577
えいがパンパカパンツ バナナン王国の秘宝;572
プロゴルファー猿｢82年版 プロゴルファー猿SP｣;570
バロムワン;564
進め!土管くん;563
とびだせ!土管くん;560
レイナ剣狼伝説II;559
竜世紀;556
黒崎真音 LIVE TOUR 2016 “Mystical Flowers”;554
ネクスト戦記　EHRGEIZ(エーアガイツ);554
マグマ大使;552
レオナルド博士とキリン村のなかまたち;544
TVアニメ｢ベルセルク｣公式WEBラジオ　ベルセルクアワー｢狭間のラジオ｣;540
電脳戦隊ヴギィ’ズ・エンジェル　;539
東京マーブルチョコレート～マタアイマショウ～;539
ブレイブビーツ;539
レイナ剣狼伝説III;533
スパロウズホテル　リニューアル;517
カリーノ・コニ;516
合体ロボット アトランジャー;511
恐竜冒険記 ジュラトリッパー;507
LEMON ANGEL PROJECT;501
えんぎもん;497
フルーティー侍;496
SNSポリス;493
サミーとシェリー　七つの海の大冒険;493
8月のシンフォニー -渋谷2002～2003;489
100万年地球の旅　バンダーブック;485
ちょびっとづかん;480
まかせてイルか!;479
猫ラーメン～俺の醤油味～（ショートアニメ）;472
プロゴルファー猿「SARU IN U.S.A 激突！猿VSホーク -ワイルドプロ決定戦-」;465
LIGHTNING TRAP LEINA & LAIKA;465
ガラスの地球を救え ユニコ特別編;462
パパンがパンダ;454
ふうせんいぬティニー;452
ピカイア！！;450
レゴ ニンジャゴー　時空の支配者編;449
菅井君と家族石;448
ふうせんいぬティニー セカンドシーズン;448
トライブクルクル;438
ガラクタ通りのステイン;437
Luce Twinkle Wink☆ 1st LIVE TOUR -LLTW☆-～t＊u＊n＊i＊n＊g～;436
A-Ko The VS ＜ヴァーサス＞「GRAY SIDE」;432
おにゃんこポン;423
妖精姫レーン;409
SPOOKIZ(スプーキッズ)　SEASON 1;408
A-Ko The VS ＜ヴァーサス＞「BLUE SIDE」;407
俺たちゃ妖怪人間G;406
アタッカーYOU！;405
きグルみっく★V3;405
怪盗レーニャ;397
なりヒロwww;395
マスター オブ エピック ～The AnimationAge～;394
本マグロ トロ太郎;390
みんなだいすきそらジロー;390
たいむとらぶる トンデケマン!;385
Caribadix（カリバディクス）;384
花の魔法使いマリーベル フェニックスのかぎ;384
魔法遊戯 飛び出す!!ハナマル大冒険;382
つぶやき隊;375
シコロボ;373
ぼくは王さま;372
菅井君と家族石 THE MOVIE;360
プレイヤーズ;350
惑星大怪獣ネガドン;349
おたくの星座 I・II AN ADVENTURE IN THE OTAKU GALAXY;346
サミーとシェリー2　僕らの脱出大作戦;343
F6 1st LIVEツアー「Satisfaction」;340
ふぉうちゅんドッグす;325
土管くん何かの絵描き歌;319
にゅるにゅる!!KAKUSENくん 2期;301
踊り子クリノッペ;292
ワールドフールニュース;286
銀河探査２１００年　ボーダープラネット;282
こども刑事めめたん;281
コロコロアニマル;271
【dアニメストア独占配信】ジェイクの日記念！スペシャル動画「アドベンチャー・タイム」オーディオコメンタリー;271
にゅるにゅる！！KAKUSENくん;260
魔法遊戯 （3D版）;252
犬猫アワー ｢47都道府犬R&にゃ～めん｣【日テレオンデマンド】;248
ぱんきす！２次元;240
オニズシ;238
SPOOKIZ(スプーキッズ)　SEASON 2;226
旅するぬいぐるみ ～traveling “Daru”～;225
ジャンケンマン;216
ぼくの孫悟空;216
鉄人28号ガオ！;214
ワールドフールニュース PART II;187
エレキング　the Animation;181
楓ニュータウン;177
劇場公開記念！「怪獣娘（黒）～ウルトラ怪獣擬人化計画～」 ウルトラマンシリーズセレクション;175
ふたごのモンチッチ;167
つぶやき隊　～まだまだ言いたいことがある～;163
U900の｢ウクレレひきまショー｣;161
つぶやき隊　～つぶやき続けて３作目～;155
ピン子の秘伝カリー;154
つぶやき隊　～つぶやき続けて4作目～;149
ハッピージョージ;135
ネコべん;126
スプートニック;120
おしゃべりなちゅどんズ;119
プープーキッズ;112
ゆうとくんがいく;112
ベビーガンバ;105
ぷっぷくびーつ;54
ピテカント;52
